Timestamp,MAC,Temperature,Moisture,Light,Conductivity
2025-04-16 12:48:14,c4:7c:8d:6d:26:c9,18.27,80.23,406.23,87.09
2025-04-16 12:38:14,c4:7c:8d:6d:26:c9,17.75,79.86,424.25,87.25
2025-04-16 12:28:14,c4:7c:8d:6d:26:c9,17.85,79.21,416.55,84.5
2025-04-16 12:18:14,c4:7c:8d:6d:26:c9,18.15,80.48,408.73,85.43
2025-04-16 12:08:14,c4:7c:8d:6d:26:c9,18.44,80.13,440.09,84.99
2025-04-16 11:58:14,c4:7c:8d:6d:26:c9,18.1,79.56,432.03,86.76
2025-04-16 11:48:14,c4:7c:8d:6d:26:c9,18.64,80.62,451.18,86.58
2025-04-16 11:38:14,c4:7c:8d:6d:26:c9,18.16,80.79,485.61,87.44
2025-04-16 11:28:14,c4:7c:8d:6d:26:c9,18.47,79.67,459.72,88.49
2025-04-16 11:18:14,c4:7c:8d:6d:26:c9,18.51,79.95,472.49,87.21
2025-04-16 11:08:14,c4:7c:8d:6d:26:c9,18.59,80.9,473.78,84.8
2025-04-16 10:58:14,c4:7c:8d:6d:26:c9,18.62,79.85,479.09,87.4
2025-04-16 10:48:14,c4:7c:8d:6d:26:c9,17.97,81.48,513.74,87.32
2025-04-16 10:38:14,c4:7c:8d:6d:26:c9,18.82,80.22,500.24,84.88
2025-04-16 10:28:14,c4:7c:8d:6d:26:c9,18.31,80.62,502.72,88.72
2025-04-16 10:18:14,c4:7c:8d:6d:26:c9,18.34,80.99,494.09,87.43
2025-04-16 10:08:14,c4:7c:8d:6d:26:c9,18.85,80.73,525.66,87.32
2025-04-16 09:58:14,c4:7c:8d:6d:26:c9,18.88,81.72,505.02,86.0
2025-04-16 09:48:14,c4:7c:8d:6d:26:c9,18.64,81.33,502.44,87.73
2025-04-16 09:38:14,c4:7c:8d:6d:26:c9,18.65,80.86,497.47,87.45
2025-04-16 09:28:14,c4:7c:8d:6d:26:c9,19.0,81.22,524.2,86.8
2025-04-16 09:18:14,c4:7c:8d:6d:26:c9,18.26,80.85,498.02,88.96
2025-04-16 09:08:14,c4:7c:8d:6d:26:c9,18.37,82.75,511.82,87.38
2025-04-16 08:58:14,c4:7c:8d:6d:26:c9,18.71,80.91,508.24,87.97
2025-04-16 08:48:14,c4:7c:8d:6d:26:c9,19.07,81.83,480.29,88.7
2025-04-16 08:38:14,c4:7c:8d:6d:26:c9,19.04,81.12,513.17,87.1
2025-04-16 08:28:14,c4:7c:8d:6d:26:c9,18.71,81.68,488.75,89.49
2025-04-16 08:18:14,c4:7c:8d:6d:26:c9,18.33,82.41,486.1,86.72
2025-04-16 08:08:14,c4:7c:8d:6d:26:c9,18.98,82.77,473.3,89.81
2025-04-16 07:58:14,c4:7c:8d:6d:26:c9,18.82,83.39,466.4,86.69
2025-04-16 07:48:14,c4:7c:8d:6d:26:c9,18.87,82.91,478.32,88.04
2025-04-16 07:38:14,c4:7c:8d:6d:26:c9,18.35,83.54,436.3,87.94
2025-04-16 07:28:14,c4:7c:8d:6d:26:c9,19.04,83.52,459.61,90.12
2025-04-16 07:18:14,c4:7c:8d:6d:26:c9,18.77,82.4,412.58,88.59
2025-04-16 07:08:14,c4:7c:8d:6d:26:c9,18.41,81.87,432.46,91.08
2025-04-16 06:58:14,c4:7c:8d:6d:26:c9,18.38,81.68,404.07,90.32
2025-04-16 06:48:14,c4:7c:8d:6d:26:c9,18.43,83.71,399.41,88.68
2025-04-16 06:38:14,c4:7c:8d:6d:26:c9,18.63,82.91,394.43,87.19
2025-04-16 06:28:14,c4:7c:8d:6d:26:c9,18.92,83.43,395.31,86.95
2025-04-16 06:18:14,c4:7c:8d:6d:26:c9,18.66,83.6,364.67,89.05
2025-04-16 06:08:14,c4:7c:8d:6d:26:c9,19.2,83.73,358.08,88.05
2025-04-16 05:58:14,c4:7c:8d:6d:26:c9,18.83,83.96,340.61,87.83
2025-04-16 05:48:14,c4:7c:8d:6d:26:c9,18.66,83.84,325.58,89.87
2025-04-16 05:38:14,c4:7c:8d:6d:26:c9,18.96,82.78,342.59,90.68
2025-04-16 05:28:14,c4:7c:8d:6d:26:c9,19.16,82.3,343.02,88.97
2025-04-16 05:18:14,c4:7c:8d:6d:26:c9,18.55,82.59,295.36,86.58
2025-04-16 05:08:14,c4:7c:8d:6d:26:c9,18.36,83.7,296.92,86.4
2025-04-16 04:58:14,c4:7c:8d:6d:26:c9,18.36,84.07,307.94,88.21
2025-04-16 04:48:14,c4:7c:8d:6d:26:c9,18.89,83.22,287.73,90.09
2025-04-16 04:38:14,c4:7c:8d:6d:26:c9,19.0,83.09,289.04,87.84
2025-04-16 04:28:14,c4:7c:8d:6d:26:c9,18.68,83.05,304.71,87.34
2025-04-16 04:18:14,c4:7c:8d:6d:26:c9,18.9,84.56,278.94,86.2
2025-04-16 04:08:14,c4:7c:8d:6d:26:c9,18.48,84.08,299.98,88.64
2025-04-16 03:58:14,c4:7c:8d:6d:26:c9,18.69,84.54,279.81,88.39
2025-04-16 03:48:14,c4:7c:8d:6d:26:c9,18.86,84.38,284.66,87.24
2025-04-16 03:38:14,c4:7c:8d:6d:26:c9,18.86,84.58,278.02,86.13
2025-04-16 03:28:14,c4:7c:8d:6d:26:c9,18.75,83.0,281.39,86.89
2025-04-16 03:18:14,c4:7c:8d:6d:26:c9,18.35,82.75,298.88,87.31
2025-04-16 03:08:14,c4:7c:8d:6d:26:c9,18.75,83.23,287.18,89.11
2025-04-16 02:58:14,c4:7c:8d:6d:26:c9,18.84,84.73,300.19,88.44
2025-04-16 02:48:14,c4:7c:8d:6d:26:c9,18.18,84.51,299.22,86.54
2025-04-16 02:38:14,c4:7c:8d:6d:26:c9,18.37,84.84,300.3,86.24
2025-04-16 02:28:14,c4:7c:8d:6d:26:c9,18.24,83.83,288.72,87.17
2025-04-16 02:18:14,c4:7c:8d:6d:26:c9,18.53,84.03,325.82,87.78
2025-04-16 02:08:14,c4:7c:8d:6d:26:c9,17.93,83.56,345.92,87.64
2025-04-16 01:58:14,c4:7c:8d:6d:26:c9,17.84,84.67,324.97,86.02
2025-04-16 01:48:14,c4:7c:8d:6d:26:c9,18.0,84.1,342.3,88.15
2025-04-16 01:38:14,c4:7c:8d:6d:26:c9,18.12,84.19,344.61,85.13
2025-04-16 01:28:14,c4:7c:8d:6d:26:c9,17.94,83.18,370.7,85.32
2025-04-16 01:18:14,c4:7c:8d:6d:26:c9,18.0,82.81,389.89,85.23
2025-04-16 01:08:14,c4:7c:8d:6d:26:c9,17.78,84.22,374.71,84.86
2025-04-16 00:58:14,c4:7c:8d:6d:26:c9,18.07,83.18,384.75,83.07
2025-04-16 00:48:14,c4:7c:8d:6d:26:c9,17.74,84.92,392.05,83.97
2025-04-16 00:38:14,c4:7c:8d:6d:26:c9,18.35,84.54,427.0,85.63
2025-04-16 00:28:14,c4:7c:8d:6d:26:c9,18.3,84.52,430.25,84.4
2025-04-16 00:18:14,c4:7c:8d:6d:26:c9,18.05,83.58,441.93,86.7
2025-04-16 00:08:14,c4:7c:8d:6d:26:c9,17.6,82.79,434.75,82.61
2025-04-15 23:58:14,c4:7c:8d:6d:26:c9,18.19,84.75,451.37,82.58
2025-04-15 23:48:14,c4:7c:8d:6d:26:c9,17.69,83.1,453.35,82.46
2025-04-15 23:38:14,c4:7c:8d:6d:26:c9,18.13,84.72,487.92,84.52
2025-04-15 23:28:14,c4:7c:8d:6d:26:c9,17.34,83.26,469.99,85.88
2025-04-15 23:18:14,c4:7c:8d:6d:26:c9,17.4,83.91,496.58,82.25
2025-04-15 23:08:14,c4:7c:8d:6d:26:c9,17.94,83.4,490.09,82.87
2025-04-15 22:58:14,c4:7c:8d:6d:26:c9,17.43,84.58,499.82,81.83
2025-04-15 22:48:14,c4:7c:8d:6d:26:c9,17.84,83.36,494.01,81.74
2025-04-15 22:38:14,c4:7c:8d:6d:26:c9,17.38,84.76,523.09,83.41
2025-04-15 22:28:14,c4:7c:8d:6d:26:c9,17.22,82.81,517.42,83.52
2025-04-15 22:18:14,c4:7c:8d:6d:26:c9,17.56,82.91,508.63,82.31
2025-04-15 22:08:14,c4:7c:8d:6d:26:c9,17.82,84.76,506.39,80.85
2025-04-15 21:58:14,c4:7c:8d:6d:26:c9,17.1,84.6,537.56,80.36
2025-04-15 21:48:14,c4:7c:8d:6d:26:c9,17.84,82.63,499.97,84.38
2025-04-15 21:38:14,c4:7c:8d:6d:26:c9,17.42,84.55,501.02,83.84
2025-04-15 21:28:14,c4:7c:8d:6d:26:c9,17.54,83.63,504.54,83.37
2025-04-15 21:18:14,c4:7c:8d:6d:26:c9,17.71,83.17,523.82,82.22
2025-04-15 21:08:14,c4:7c:8d:6d:26:c9,17.14,82.42,525.61,79.66
2025-04-15 20:58:14,c4:7c:8d:6d:26:c9,17.65,82.6,506.65,80.89
2025-04-15 20:48:14,c4:7c:8d:6d:26:c9,17.28,82.84,504.74,82.0
2025-04-15 20:38:14,c4:7c:8d:6d:26:c9,17.62,84.06,501.43,82.6
2025-04-15 20:28:14,c4:7c:8d:6d:26:c9,17.16,84.34,474.01,82.95
2025-04-15 20:18:14,c4:7c:8d:6d:26:c9,17.53,83.9,468.35,82.18
2025-04-15 20:08:14,c4:7c:8d:6d:26:c9,17.71,82.31,481.57,81.96
2025-04-15 19:58:14,c4:7c:8d:6d:26:c9,16.89,83.93,466.69,80.75
2025-04-15 19:48:14,c4:7c:8d:6d:26:c9,17.6,81.99,467.05,83.02
2025-04-15 19:38:14,c4:7c:8d:6d:26:c9,17.55,83.68,451.38,79.41
2025-04-15 19:28:14,c4:7c:8d:6d:26:c9,17.09,82.02,458.56,82.45
2025-04-15 19:18:14,c4:7c:8d:6d:26:c9,17.59,82.41,447.25,81.57
2025-04-15 19:08:14,c4:7c:8d:6d:26:c9,16.9,82.93,438.26,81.62
2025-04-15 18:58:14,c4:7c:8d:6d:26:c9,17.14,83.59,419.83,83.02
2025-04-15 18:48:14,c4:7c:8d:6d:26:c9,17.01,82.36,418.08,83.18
2025-04-15 18:38:14,c4:7c:8d:6d:26:c9,17.54,83.12,372.81,82.92
2025-04-15 18:28:14,c4:7c:8d:6d:26:c9,17.23,82.13,369.25,81.09
2025-04-15 18:18:14,c4:7c:8d:6d:26:c9,17.22,83.13,351.82,79.66
2025-04-15 18:08:14,c4:7c:8d:6d:26:c9,17.07,83.21,382.04,79.43
2025-04-15 17:58:14,c4:7c:8d:6d:26:c9,16.86,81.52,354.95,82.63
2025-04-15 17:48:14,c4:7c:8d:6d:26:c9,17.04,81.39,336.48,83.03
2025-04-15 17:38:14,c4:7c:8d:6d:26:c9,17.03,82.56,353.57,82.33
2025-04-15 17:28:14,c4:7c:8d:6d:26:c9,17.18,82.54,318.93,80.12
2025-04-15 17:18:14,c4:7c:8d:6d:26:c9,17.27,82.5,324.69,79.45
2025-04-15 17:08:14,c4:7c:8d:6d:26:c9,17.34,83.17,297.19,82.71
2025-04-15 16:58:14,c4:7c:8d:6d:26:c9,17.17,81.45,295.03,82.48
2025-04-15 16:48:14,c4:7c:8d:6d:26:c9,17.22,81.1,296.57,82.29
2025-04-15 16:38:14,c4:7c:8d:6d:26:c9,16.92,82.24,285.34,80.72
2025-04-15 16:28:14,c4:7c:8d:6d:26:c9,17.49,81.33,306.69,83.19
2025-04-15 16:18:14,c4:7c:8d:6d:26:c9,16.98,81.4,302.27,82.27
2025-04-15 16:08:14,c4:7c:8d:6d:26:c9,17.42,82.26,274.73,80.69
2025-04-15 15:58:14,c4:7c:8d:6d:26:c9,17.2,82.33,293.42,81.08
2025-04-15 15:48:14,c4:7c:8d:6d:26:c9,17.65,80.44,280.36,83.47
2025-04-15 15:38:14,c4:7c:8d:6d:26:c9,17.58,80.4,271.8,80.34
2025-04-15 15:28:14,c4:7c:8d:6d:26:c9,17.4,80.39,301.01,84.15
2025-04-15 15:18:14,c4:7c:8d:6d:26:c9,17.6,81.87,283.38,83.87
2025-04-15 15:08:14,c4:7c:8d:6d:26:c9,17.95,80.86,281.63,82.81
2025-04-15 14:58:14,c4:7c:8d:6d:26:c9,17.32,80.49,278.73,81.89
2025-04-15 14:48:14,c4:7c:8d:6d:26:c9,17.65,80.4,313.6,82.9
2025-04-15 14:38:14,c4:7c:8d:6d:26:c9,17.75,80.71,323.62,82.86
2025-04-15 14:28:14,c4:7c:8d:6d:26:c9,17.77,80.9,327.5,85.35
2025-04-15 14:18:14,c4:7c:8d:6d:26:c9,17.9,80.17,301.66,85.6
2025-04-15 14:08:14,c4:7c:8d:6d:26:c9,17.36,80.92,338.66,84.62
2025-04-15 13:58:14,c4:7c:8d:6d:26:c9,17.82,80.69,354.1,84.52
2025-04-15 13:48:14,c4:7c:8d:6d:26:c9,17.5,81.54,357.43,83.9
2025-04-15 13:38:14,c4:7c:8d:6d:26:c9,18.06,81.15,341.53,83.17
2025-04-15 13:28:14,c4:7c:8d:6d:26:c9,18.19,79.55,345.18,85.61
2025-04-15 13:18:14,c4:7c:8d:6d:26:c9,17.85,81.02,365.0,85.85
2025-04-15 13:08:14,c4:7c:8d:6d:26:c9,17.63,80.84,382.73,85.17
2025-04-15 12:58:14,c4:7c:8d:6d:26:c9,18.4,80.02,410.43,86.52
2025-04-15 12:48:14,c4:7c:8d:6d:26:c9,17.7,80.74,390.21,84.13
2025-04-15 12:38:14,c4:7c:8d:6d:26:c9,18.43,79.07,403.12,86.52
2025-04-15 12:28:14,c4:7c:8d:6d:26:c9,17.68,79.24,435.88,86.79
2025-04-15 12:18:14,c4:7c:8d:6d:26:c9,17.92,80.17,437.69,85.49
2025-04-15 12:08:14,c4:7c:8d:6d:26:c9,18.25,80.18,420.56,87.67
2025-04-15 11:58:14,c4:7c:8d:6d:26:c9,17.73,78.8,432.08,84.57
2025-04-15 11:48:14,c4:7c:8d:6d:26:c9,18.03,79.92,441.33,86.42
2025-04-15 11:38:14,c4:7c:8d:6d:26:c9,17.85,80.08,482.12,88.24
2025-04-15 11:28:14,c4:7c:8d:6d:26:c9,18.64,80.25,473.44,88.26
2025-04-15 11:18:14,c4:7c:8d:6d:26:c9,18.24,79.47,462.36,88.26
2025-04-15 11:08:14,c4:7c:8d:6d:26:c9,18.28,79.03,508.79,88.61
2025-04-15 10:58:14,c4:7c:8d:6d:26:c9,18.21,78.06,492.83,86.86
2025-04-15 10:48:14,c4:7c:8d:6d:26:c9,18.22,78.33,503.49,85.89
2025-04-15 10:38:14,c4:7c:8d:6d:26:c9,18.8,79.53,508.74,88.4
2025-04-15 10:28:14,c4:7c:8d:6d:26:c9,18.67,78.7,514.86,87.26
2025-04-15 10:18:14,c4:7c:8d:6d:26:c9,18.18,78.31,507.78,88.58
2025-04-15 10:08:14,c4:7c:8d:6d:26:c9,18.71,79.48,525.75,89.31
2025-04-15 09:58:14,c4:7c:8d:6d:26:c9,18.81,79.4,512.67,89.05
2025-04-15 09:48:14,c4:7c:8d:6d:26:c9,18.13,78.7,509.58,85.77
2025-04-15 09:38:14,c4:7c:8d:6d:26:c9,18.56,77.71,517.37,89.71
2025-04-15 09:28:14,c4:7c:8d:6d:26:c9,18.17,78.6,502.07,90.09
2025-04-15 09:18:14,c4:7c:8d:6d:26:c9,19.04,77.65,505.43,87.8
2025-04-15 09:08:14,c4:7c:8d:6d:26:c9,18.65,78.73,507.77,87.86
2025-04-15 08:58:14,c4:7c:8d:6d:26:c9,18.64,77.97,524.72,89.27
2025-04-15 08:48:14,c4:7c:8d:6d:26:c9,18.72,78.96,512.09,88.75
2025-04-15 08:38:14,c4:7c:8d:6d:26:c9,19.08,78.07,495.09,86.36
2025-04-15 08:28:14,c4:7c:8d:6d:26:c9,18.65,76.96,493.12,88.12
2025-04-15 08:18:14,c4:7c:8d:6d:26:c9,18.72,76.95,497.07,88.73
2025-04-15 08:08:14,c4:7c:8d:6d:26:c9,19.07,77.42,476.64,86.73
2025-04-15 07:58:14,c4:7c:8d:6d:26:c9,18.92,78.18,458.62,87.72
2025-04-15 07:48:14,c4:7c:8d:6d:26:c9,18.46,77.87,479.08,86.73
2025-04-15 07:38:14,c4:7c:8d:6d:26:c9,18.35,77.88,469.29,86.59
2025-04-15 07:28:14,c4:7c:8d:6d:26:c9,19.1,78.14,429.42,90.15
2025-04-15 07:18:14,c4:7c:8d:6d:26:c9,18.73,77.87,419.38,89.43
2025-04-15 07:08:14,c4:7c:8d:6d:26:c9,18.6,77.78,429.11,87.21
2025-04-15 06:58:14,c4:7c:8d:6d:26:c9,18.85,77.1,407.64,90.78
2025-04-15 06:48:14,c4:7c:8d:6d:26:c9,19.1,78.26,418.49,89.7
2025-04-15 06:38:14,c4:7c:8d:6d:26:c9,18.4,77.66,391.2,90.18
2025-04-15 06:28:14,c4:7c:8d:6d:26:c9,18.51,76.81,364.6,91.07
2025-04-15 06:18:14,c4:7c:8d:6d:26:c9,18.47,76.76,376.96,90.47
2025-04-15 06:08:14,c4:7c:8d:6d:26:c9,18.83,76.84,353.67,87.39
2025-04-15 05:58:14,c4:7c:8d:6d:26:c9,18.34,77.66,333.56,88.5
2025-04-15 05:48:14,c4:7c:8d:6d:26:c9,18.75,77.47,343.34,89.21
2025-04-15 05:38:14,c4:7c:8d:6d:26:c9,18.63,76.25,339.08,87.02
2025-04-15 05:28:14,c4:7c:8d:6d:26:c9,18.57,77.38,333.8,89.14
2025-04-15 05:18:14,c4:7c:8d:6d:26:c9,18.29,76.18,321.01,87.15
2025-04-15 05:08:14,c4:7c:8d:6d:26:c9,18.81,77.78,311.32,87.28
2025-04-15 04:58:14,c4:7c:8d:6d:26:c9,18.98,77.46,302.06,87.8
2025-04-15 04:48:14,c4:7c:8d:6d:26:c9,18.51,76.19,318.97,86.17
2025-04-15 04:38:14,c4:7c:8d:6d:26:c9,18.58,77.42,302.22,90.23
2025-04-15 04:28:14,c4:7c:8d:6d:26:c9,18.99,77.38,291.86,89.74
2025-04-15 04:18:14,c4:7c:8d:6d:26:c9,18.82,76.61,286.9,88.72
2025-04-15 04:08:14,c4:7c:8d:6d:26:c9,18.68,76.63,270.36,89.81
2025-04-15 03:58:14,c4:7c:8d:6d:26:c9,18.87,77.34,283.44,86.57
2025-04-15 03:48:14,c4:7c:8d:6d:26:c9,18.41,75.68,290.24,87.06
2025-04-15 03:38:14,c4:7c:8d:6d:26:c9,18.8,77.42,278.31,89.82
2025-04-15 03:28:14,c4:7c:8d:6d:26:c9,18.23,76.88,301.89,88.2
2025-04-15 03:18:14,c4:7c:8d:6d:26:c9,18.91,75.9,282.27,85.58
2025-04-15 03:08:14,c4:7c:8d:6d:26:c9,18.37,76.14,272.31,85.97
2025-04-15 02:58:14,c4:7c:8d:6d:26:c9,18.19,75.61,282.5,88.41
2025-04-15 02:48:14,c4:7c:8d:6d:26:c9,18.21,76.59,297.3,86.28
2025-04-15 02:38:14,c4:7c:8d:6d:26:c9,17.98,77.04,296.47,86.82
2025-04-15 02:28:14,c4:7c:8d:6d:26:c9,18.32,75.88,308.85,85.69
2025-04-15 02:18:14,c4:7c:8d:6d:26:c9,18.54,75.35,330.52,87.97
2025-04-15 02:08:14,c4:7c:8d:6d:26:c9,18.33,77.25,324.56,86.66
2025-04-15 01:58:14,c4:7c:8d:6d:26:c9,18.07,76.72,351.75,86.06
2025-04-15 01:48:14,c4:7c:8d:6d:26:c9,18.27,75.07,335.68,86.59
2025-04-15 01:38:14,c4:7c:8d:6d:26:c9,18.32,76.49,341.6,86.22
2025-04-15 01:28:14,c4:7c:8d:6d:26:c9,18.0,76.47,365.84,87.28
2025-04-15 01:18:14,c4:7c:8d:6d:26:c9,18.44,75.43,371.24,84.24
2025-04-15 01:08:14,c4:7c:8d:6d:26:c9,17.75,76.43,378.49,85.5
2025-04-15 00:58:14,c4:7c:8d:6d:26:c9,18.12,76.55,411.28,86.92
2025-04-15 00:48:14,c4:7c:8d:6d:26:c9,17.61,76.11,380.43,83.81
2025-04-15 00:38:14,c4:7c:8d:6d:26:c9,18.2,75.77,405.45,84.76
2025-04-15 00:28:14,c4:7c:8d:6d:26:c9,18.21,75.62,438.77,83.18
2025-04-15 00:18:14,c4:7c:8d:6d:26:c9,17.65,75.19,410.48,85.66
2025-04-15 00:08:14,c4:7c:8d:6d:26:c9,17.44,76.91,455.08,82.61
2025-04-14 23:58:14,c4:7c:8d:6d:26:c9,17.65,77.11,454.87,84.41
2025-04-14 23:48:14,c4:7c:8d:6d:26:c9,17.55,75.13,441.26,82.06
2025-04-14 23:38:14,c4:7c:8d:6d:26:c9,17.99,76.39,454.28,83.93
2025-04-14 23:28:14,c4:7c:8d:6d:26:c9,17.98,75.42,473.05,83.36
2025-04-14 23:18:14,c4:7c:8d:6d:26:c9,18.11,75.75,496.87,83.73
2025-04-14 23:08:14,c4:7c:8d:6d:26:c9,17.35,76.15,511.28,84.35
2025-04-14 22:58:14,c4:7c:8d:6d:26:c9,17.67,76.44,479.47,84.36
2025-04-14 22:48:14,c4:7c:8d:6d:26:c9,17.84,76.69,487.11,84.96
2025-04-14 22:38:14,c4:7c:8d:6d:26:c9,17.26,76.1,495.41,81.18
2025-04-14 22:28:14,c4:7c:8d:6d:26:c9,17.41,76.95,523.63,81.47
2025-04-14 22:18:14,c4:7c:8d:6d:26:c9,17.78,77.33,508.57,84.51
2025-04-14 22:08:14,c4:7c:8d:6d:26:c9,17.28,77.21,513.38,82.62
2025-04-14 21:58:14,c4:7c:8d:6d:26:c9,17.83,75.36,524.95,83.32
2025-04-14 21:48:14,c4:7c:8d:6d:26:c9,17.48,77.2,523.03,82.98
2025-04-14 21:38:14,c4:7c:8d:6d:26:c9,17.33,77.01,535.11,80.95
2025-04-14 21:28:14,c4:7c:8d:6d:26:c9,17.49,76.36,493.75,79.91
2025-04-14 21:18:14,c4:7c:8d:6d:26:c9,17.73,76.11,507.14,80.71
2025-04-14 21:08:14,c4:7c:8d:6d:26:c9,17.0,76.03,522.37,81.62
2025-04-14 20:58:14,c4:7c:8d:6d:26:c9,17.52,77.1,493.74,79.96
2025-04-14 20:48:14,c4:7c:8d:6d:26:c9,16.92,77.05,500.29,83.77
2025-04-14 20:38:14,c4:7c:8d:6d:26:c9,17.34,76.8,514.75,80.75
2025-04-14 20:28:14,c4:7c:8d:6d:26:c9,17.32,76.54,481.04,79.65
2025-04-14 20:18:14,c4:7c:8d:6d:26:c9,17.45,77.76,463.51,82.41
2025-04-14 20:08:14,c4:7c:8d:6d:26:c9,17.33,77.44,459.99,82.08
2025-04-14 19:58:14,c4:7c:8d:6d:26:c9,17.49,76.09,456.6,82.47
2025-04-14 19:48:14,c4:7c:8d:6d:26:c9,17.39,77.72,462.59,80.3
2025-04-14 19:38:14,c4:7c:8d:6d:26:c9,16.88,76.39,468.09,81.16
2025-04-14 19:28:14,c4:7c:8d:6d:26:c9,17.12,76.96,437.64,79.8
2025-04-14 19:18:14,c4:7c:8d:6d:26:c9,17.03,78.02,443.83,82.08
2025-04-14 19:08:14,c4:7c:8d:6d:26:c9,17.5,77.58,418.93,80.39
2025-04-14 18:58:14,c4:7c:8d:6d:26:c9,16.97,76.2,397.98,82.95
2025-04-14 18:48:14,c4:7c:8d:6d:26:c9,17.45,78.29,411.8,80.1
2025-04-14 18:38:14,c4:7c:8d:6d:26:c9,16.82,77.53,369.34,79.97
2025-04-14 18:28:14,c4:7c:8d:6d:26:c9,17.31,77.06,386.87,79.45
2025-04-14 18:18:14,c4:7c:8d:6d:26:c9,17.45,78.32,367.3,80.08
2025-04-14 18:08:14,c4:7c:8d:6d:26:c9,17.04,78.57,368.41,79.36
2025-04-14 17:58:14,c4:7c:8d:6d:26:c9,17.42,76.47,338.27,80.21
2025-04-14 17:48:14,c4:7c:8d:6d:26:c9,17.02,77.67,358.48,80.25
2025-04-14 17:38:14,c4:7c:8d:6d:26:c9,16.91,77.57,341.2,82.37
2025-04-14 17:28:14,c4:7c:8d:6d:26:c9,17.36,78.11,331.79,81.33
2025-04-14 17:18:14,c4:7c:8d:6d:26:c9,17.27,77.79,326.39,79.4
2025-04-14 17:08:14,c4:7c:8d:6d:26:c9,17.05,77.84,299.41,80.48
2025-04-14 16:58:14,c4:7c:8d:6d:26:c9,17.25,78.41,319.68,83.66
2025-04-14 16:48:14,c4:7c:8d:6d:26:c9,17.59,77.0,301.28,83.19
2025-04-14 16:38:14,c4:7c:8d:6d:26:c9,17.58,78.64,294.46,81.78
2025-04-14 16:28:14,c4:7c:8d:6d:26:c9,17.1,78.97,299.0,83.6
2025-04-14 16:18:14,c4:7c:8d:6d:26:c9,17.47,77.73,271.47,82.27
2025-04-14 16:08:14,c4:7c:8d:6d:26:c9,17.45,78.96,298.21,83.66
2025-04-14 15:58:14,c4:7c:8d:6d:26:c9,17.61,79.01,296.74,80.87
2025-04-14 15:48:14,c4:7c:8d:6d:26:c9,17.15,77.53,299.93,81.55
2025-04-14 15:38:14,c4:7c:8d:6d:26:c9,17.51,78.69,303.31,83.05
2025-04-14 15:28:14,c4:7c:8d:6d:26:c9,17.51,78.36,289.05,82.87
2025-04-14 15:18:14,c4:7c:8d:6d:26:c9,17.49,78.3,302.3,81.1
2025-04-14 15:08:14,c4:7c:8d:6d:26:c9,17.32,79.35,308.54,82.97
2025-04-14 14:58:14,c4:7c:8d:6d:26:c9,17.88,78.77,280.52,81.08
2025-04-14 14:48:14,c4:7c:8d:6d:26:c9,17.27,78.78,289.89,81.95
2025-04-14 14:38:14,c4:7c:8d:6d:26:c9,17.4,79.73,322.46,82.04
2025-04-14 14:28:14,c4:7c:8d:6d:26:c9,17.73,78.27,292.24,82.75
2025-04-14 14:18:14,c4:7c:8d:6d:26:c9,17.61,78.96,300.45,84.18
2025-04-14 14:08:14,c4:7c:8d:6d:26:c9,17.79,78.42,337.26,82.08
2025-04-14 13:58:14,c4:7c:8d:6d:26:c9,17.47,78.74,311.38,85.66
2025-04-14 13:48:14,c4:7c:8d:6d:26:c9,18.19,80.43,363.17,85.7
2025-04-14 13:38:14,c4:7c:8d:6d:26:c9,17.66,80.59,344.84,85.75
2025-04-14 13:28:14,c4:7c:8d:6d:26:c9,17.88,78.67,345.04,82.11
2025-04-14 13:18:14,c4:7c:8d:6d:26:c9,17.54,80.85,379.09,84.75
2025-04-14 13:08:14,c4:7c:8d:6d:26:c9,18.01,79.29,384.67,83.76
2025-04-14 12:58:14,c4:7c:8d:6d:26:c9,17.92,79.05,401.17,84.62
2025-04-14 12:48:14,c4:7c:8d:6d:26:c9,18.16,80.58,414.38,85.13
2025-04-14 12:38:14,c4:7c:8d:6d:26:c9,17.74,79.72,392.41,87.19
2025-04-14 12:28:14,c4:7c:8d:6d:26:c9,18.26,79.83,405.0,86.01
2025-04-14 12:18:14,c4:7c:8d:6d:26:c9,17.81,80.23,448.56,85.51
2025-04-14 12:08:14,c4:7c:8d:6d:26:c9,18.35,80.95,422.43,85.11
2025-04-14 11:58:14,c4:7c:8d:6d:26:c9,18.46,81.53,462.25,85.17
2025-04-14 11:48:14,c4:7c:8d:6d:26:c9,17.77,80.47,452.04,87.31
2025-04-14 11:38:14,c4:7c:8d:6d:26:c9,18.61,80.84,465.42,87.07
2025-04-14 11:28:14,c4:7c:8d:6d:26:c9,18.5,80.82,474.43,85.45
2025-04-14 11:18:14,c4:7c:8d:6d:26:c9,18.41,79.99,490.82,84.51
2025-04-14 11:08:14,c4:7c:8d:6d:26:c9,18.45,80.62,505.6,84.67
2025-04-14 10:58:14,c4:7c:8d:6d:26:c9,18.77,81.68,477.0,88.85
2025-04-14 10:48:14,c4:7c:8d:6d:26:c9,18.53,81.02,499.54,86.41
2025-04-14 10:38:14,c4:7c:8d:6d:26:c9,18.28,81.06,505.28,87.45
2025-04-14 10:28:14,c4:7c:8d:6d:26:c9,18.28,80.94,515.4,88.77
2025-04-14 10:18:14,c4:7c:8d:6d:26:c9,18.58,82.22,504.32,87.72
2025-04-14 10:08:14,c4:7c:8d:6d:26:c9,18.16,82.06,498.46,85.29
2025-04-14 09:58:14,c4:7c:8d:6d:26:c9,18.71,80.58,506.48,86.05
2025-04-14 09:48:14,c4:7c:8d:6d:26:c9,18.7,82.4,494.62,89.77
2025-04-14 09:38:14,c4:7c:8d:6d:26:c9,18.94,82.32,515.4,86.55
2025-04-14 09:28:14,c4:7c:8d:6d:26:c9,18.37,81.83,505.53,89.88
2025-04-14 09:18:14,c4:7c:8d:6d:26:c9,18.27,81.21,518.3,86.85
2025-04-14 09:08:14,c4:7c:8d:6d:26:c9,18.48,81.19,499.47,86.83
2025-04-14 08:58:14,c4:7c:8d:6d:26:c9,19.1,82.5,523.94,89.65
2025-04-14 08:48:14,c4:7c:8d:6d:26:c9,18.62,82.64,499.51,88.27
2025-04-14 08:38:14,c4:7c:8d:6d:26:c9,18.96,82.19,479.12,86.73
2025-04-14 08:28:14,c4:7c:8d:6d:26:c9,18.5,83.12,508.37,89.25
2025-04-14 08:18:14,c4:7c:8d:6d:26:c9,18.49,82.75,469.88,87.66
2025-04-14 08:08:14,c4:7c:8d:6d:26:c9,18.4,83.09,465.85,87.67
2025-04-14 07:58:14,c4:7c:8d:6d:26:c9,19.19,82.83,470.63,89.75
2025-04-14 07:48:14,c4:7c:8d:6d:26:c9,18.79,82.66,444.42,88.44
2025-04-14 07:38:14,c4:7c:8d:6d:26:c9,19.18,82.14,463.63,86.59
2025-04-14 07:28:14,c4:7c:8d:6d:26:c9,18.46,81.79,461.39,89.44
2025-04-14 07:18:14,c4:7c:8d:6d:26:c9,19.2,81.62,433.03,87.24
2025-04-14 07:08:14,c4:7c:8d:6d:26:c9,18.4,82.11,433.66,88.64
2025-04-14 06:58:14,c4:7c:8d:6d:26:c9,18.41,83.62,426.19,89.62
2025-04-14 06:48:14,c4:7c:8d:6d:26:c9,18.38,82.77,379.45,90.0
2025-04-14 06:38:14,c4:7c:8d:6d:26:c9,18.97,82.92,368.64,89.96
2025-04-14 06:28:14,c4:7c:8d:6d:26:c9,18.5,83.78,358.83,90.96
2025-04-14 06:18:14,c4:7c:8d:6d:26:c9,18.39,82.26,351.92,88.32
2025-04-14 06:08:14,c4:7c:8d:6d:26:c9,19.07,82.9,361.5,89.87
2025-04-14 05:58:14,c4:7c:8d:6d:26:c9,19.02,82.34,355.79,88.68
2025-04-14 05:48:14,c4:7c:8d:6d:26:c9,18.47,82.91,341.33,90.8
2025-04-14 05:38:14,c4:7c:8d:6d:26:c9,18.42,82.83,351.33,87.18
2025-04-14 05:28:14,c4:7c:8d:6d:26:c9,18.51,83.65,327.66,89.11
2025-04-14 05:18:14,c4:7c:8d:6d:26:c9,18.34,82.34,335.33,89.54
2025-04-14 05:08:14,c4:7c:8d:6d:26:c9,18.47,82.28,291.7,87.39
2025-04-14 04:58:14,c4:7c:8d:6d:26:c9,18.81,83.6,282.99,89.49
2025-04-14 04:48:14,c4:7c:8d:6d:26:c9,18.9,82.29,284.67,86.83
2025-04-14 04:38:14,c4:7c:8d:6d:26:c9,18.9,83.27,287.7,88.39
2025-04-14 04:28:14,c4:7c:8d:6d:26:c9,18.59,83.02,268.84,89.29
2025-04-14 04:18:14,c4:7c:8d:6d:26:c9,18.82,82.78,278.21,89.39
2025-04-14 04:08:14,c4:7c:8d:6d:26:c9,18.44,83.63,273.52,86.13
2025-04-14 03:58:14,c4:7c:8d:6d:26:c9,18.49,83.4,274.08,85.86
2025-04-14 03:48:14,c4:7c:8d:6d:26:c9,18.73,83.05,269.71,85.6
2025-04-14 03:38:14,c4:7c:8d:6d:26:c9,18.32,84.18,282.47,88.17
2025-04-14 03:28:14,c4:7c:8d:6d:26:c9,18.35,84.49,297.69,86.58
2025-04-14 03:18:14,c4:7c:8d:6d:26:c9,18.55,82.96,282.77,85.38
2025-04-14 03:08:14,c4:7c:8d:6d:26:c9,18.73,84.48,274.97,89.32
2025-04-14 02:58:14,c4:7c:8d:6d:26:c9,18.51,83.29,274.35,88.27
2025-04-14 02:48:14,c4:7c:8d:6d:26:c9,18.16,83.06,311.1,85.31
2025-04-14 02:38:14,c4:7c:8d:6d:26:c9,18.51,84.72,298.13,84.9
2025-04-14 02:28:14,c4:7c:8d:6d:26:c9,17.92,84.39,289.93,85.67
2025-04-14 02:18:14,c4:7c:8d:6d:26:c9,18.69,83.54,325.09,85.79
2025-04-14 02:08:14,c4:7c:8d:6d:26:c9,18.7,82.75,320.8,84.57
2025-04-14 01:58:14,c4:7c:8d:6d:26:c9,18.23,82.76,325.69,87.51
2025-04-14 01:48:14,c4:7c:8d:6d:26:c9,17.78,83.37,334.23,85.56
2025-04-14 01:38:14,c4:7c:8d:6d:26:c9,18.39,83.1,339.55,87.0
2025-04-14 01:28:14,c4:7c:8d:6d:26:c9,18.32,84.26,343.65,84.94
2025-04-14 01:18:14,c4:7c:8d:6d:26:c9,18.31,83.92,371.24,85.9
2025-04-14 01:08:14,c4:7c:8d:6d:26:c9,17.97,82.86,374.28,84.6
2025-04-14 00:58:14,c4:7c:8d:6d:26:c9,17.66,84.14,370.04,86.11
2025-04-14 00:48:14,c4:7c:8d:6d:26:c9,17.89,84.07,394.38,84.22
2025-04-14 00:38:14,c4:7c:8d:6d:26:c9,17.64,83.9,415.11,86.91
2025-04-14 00:28:14,c4:7c:8d:6d:26:c9,18.29,84.17,419.51,82.7
2025-04-14 00:18:14,c4:7c:8d:6d:26:c9,17.99,84.79,436.24,84.28
2025-04-14 00:08:14,c4:7c:8d:6d:26:c9,18.22,84.35,426.56,85.61
2025-04-13 23:58:14,c4:7c:8d:6d:26:c9,17.67,84.64,436.43,82.15
2025-04-13 23:48:14,c4:7c:8d:6d:26:c9,17.82,83.38,474.81,85.75
2025-04-13 23:38:14,c4:7c:8d:6d:26:c9,18.0,84.5,474.68,85.48
2025-04-13 23:28:14,c4:7c:8d:6d:26:c9,17.72,84.41,480.04,82.75
2025-04-13 23:18:14,c4:7c:8d:6d:26:c9,18.12,84.57,496.12,83.2
2025-04-13 23:08:14,c4:7c:8d:6d:26:c9,17.89,83.43,472.63,84.48
2025-04-13 22:58:14,c4:7c:8d:6d:26:c9,17.72,83.91,480.01,83.36
2025-04-13 22:48:14,c4:7c:8d:6d:26:c9,17.73,83.13,521.49,80.96
2025-04-13 22:38:14,c4:7c:8d:6d:26:c9,17.45,82.93,490.37,81.0
2025-04-13 22:28:14,c4:7c:8d:6d:26:c9,18.0,83.16,524.55,81.57
2025-04-13 22:18:14,c4:7c:8d:6d:26:c9,17.59,84.15,518.41,83.26
2025-04-13 22:08:14,c4:7c:8d:6d:26:c9,17.84,84.48,500.9,81.92
2025-04-13 21:58:14,c4:7c:8d:6d:26:c9,17.27,84.71,519.86,84.23
2025-04-13 21:48:14,c4:7c:8d:6d:26:c9,17.76,84.26,507.79,80.39
2025-04-13 21:38:14,c4:7c:8d:6d:26:c9,17.41,84.1,503.96,81.71
2025-04-13 21:28:14,c4:7c:8d:6d:26:c9,17.04,83.41,517.73,80.84
2025-04-13 21:18:14,c4:7c:8d:6d:26:c9,17.57,83.73,495.98,82.16
2025-04-13 21:08:14,c4:7c:8d:6d:26:c9,17.35,84.41,530.52,79.79
2025-04-13 20:58:14,c4:7c:8d:6d:26:c9,17.05,83.01,510.51,83.36
2025-04-13 20:48:14,c4:7c:8d:6d:26:c9,17.35,82.96,479.2,83.57
2025-04-13 20:38:14,c4:7c:8d:6d:26:c9,17.02,83.92,505.66,81.97
2025-04-13 20:28:14,c4:7c:8d:6d:26:c9,16.89,83.45,480.03,81.35
2025-04-13 20:18:14,c4:7c:8d:6d:26:c9,16.96,83.37,469.72,80.19
2025-04-13 20:08:14,c4:7c:8d:6d:26:c9,16.97,83.14,471.93,81.96
2025-04-13 19:58:14,c4:7c:8d:6d:26:c9,17.45,84.12,446.57,81.02
2025-04-13 19:48:14,c4:7c:8d:6d:26:c9,16.84,83.97,464.87,80.71
2025-04-13 19:38:14,c4:7c:8d:6d:26:c9,17.19,83.43,463.28,83.0
2025-04-13 19:28:14,c4:7c:8d:6d:26:c9,17.25,82.35,458.45,81.08
2025-04-13 19:18:14,c4:7c:8d:6d:26:c9,17.47,83.87,448.03,81.26
2025-04-13 19:08:14,c4:7c:8d:6d:26:c9,17.18,83.93,429.56,80.49
2025-04-13 18:58:14,c4:7c:8d:6d:26:c9,17.42,83.69,411.3,82.4
2025-04-13 18:48:14,c4:7c:8d:6d:26:c9,17.6,82.2,415.06,83.15
2025-04-13 18:38:14,c4:7c:8d:6d:26:c9,17.28,82.85,374.96,81.72
2025-04-13 18:28:14,c4:7c:8d:6d:26:c9,16.85,81.8,391.68,81.54
2025-04-13 18:18:14,c4:7c:8d:6d:26:c9,17.56,82.61,384.78,82.91
2025-04-13 18:08:14,c4:7c:8d:6d:26:c9,17.02,82.98,351.77,81.48
2025-04-13 17:58:14,c4:7c:8d:6d:26:c9,17.66,82.35,349.19,79.58
2025-04-13 17:48:14,c4:7c:8d:6d:26:c9,17.33,82.51,321.93,79.42
2025-04-13 17:38:14,c4:7c:8d:6d:26:c9,17.34,83.32,341.37,81.41
2025-04-13 17:28:14,c4:7c:8d:6d:26:c9,16.97,81.74,315.6,82.07
2025-04-13 17:18:14,c4:7c:8d:6d:26:c9,17.39,81.27,314.24,83.18
2025-04-13 17:08:14,c4:7c:8d:6d:26:c9,17.21,82.93,310.84,81.59
2025-04-13 16:58:14,c4:7c:8d:6d:26:c9,17.71,82.07,284.16,83.47
2025-04-13 16:48:14,c4:7c:8d:6d:26:c9,17.24,81.83,283.51,81.74
2025-04-13 16:38:14,c4:7c:8d:6d:26:c9,17.12,81.18,278.0,83.02
2025-04-13 16:28:14,c4:7c:8d:6d:26:c9,17.32,82.3,278.69,82.63
2025-04-13 16:18:14,c4:7c:8d:6d:26:c9,17.75,82.66,283.07,82.87
2025-04-13 16:08:14,c4:7c:8d:6d:26:c9,17.66,82.51,306.32,82.54
2025-04-13 15:58:14,c4:7c:8d:6d:26:c9,17.19,81.85,286.71,80.67
2025-04-13 15:48:14,c4:7c:8d:6d:26:c9,17.46,81.53,268.92,83.76
2025-04-13 15:38:14,c4:7c:8d:6d:26:c9,17.39,82.18,269.1,81.55
2025-04-13 15:28:14,c4:7c:8d:6d:26:c9,17.23,80.35,298.63,81.7
2025-04-13 15:18:14,c4:7c:8d:6d:26:c9,17.46,81.68,281.39,82.74
2025-04-13 15:08:14,c4:7c:8d:6d:26:c9,17.93,81.37,280.33,81.84
2025-04-13 14:58:14,c4:7c:8d:6d:26:c9,17.84,81.28,305.47,81.6
2025-04-13 14:48:14,c4:7c:8d:6d:26:c9,17.52,80.49,294.53,84.9
2025-04-13 14:38:14,c4:7c:8d:6d:26:c9,17.64,81.99,320.47,81.94
2025-04-13 14:28:14,c4:7c:8d:6d:26:c9,17.41,79.79,307.29,81.15
2025-04-13 14:18:14,c4:7c:8d:6d:26:c9,17.49,80.81,315.51,83.69
2025-04-13 14:08:14,c4:7c:8d:6d:26:c9,17.66,81.78,334.09,84.28
2025-04-13 13:58:14,c4:7c:8d:6d:26:c9,17.77,80.3,349.91,82.4
2025-04-13 13:48:14,c4:7c:8d:6d:26:c9,17.94,81.44,334.64,82.75
2025-04-13 13:38:14,c4:7c:8d:6d:26:c9,18.18,80.96,330.53,84.06
2025-04-13 13:28:14,c4:7c:8d:6d:26:c9,18.04,80.65,372.72,86.24
2025-04-13 13:18:14,c4:7c:8d:6d:26:c9,18.29,81.3,381.81,83.86
2025-04-13 13:08:14,c4:7c:8d:6d:26:c9,18.17,80.92,387.11,84.4
2025-04-13 12:58:14,c4:7c:8d:6d:26:c9,17.86,80.15,379.74,83.36
2025-04-13 12:48:14,c4:7c:8d:6d:26:c9,17.89,80.62,407.75,87.03
2025-04-13 12:38:14,c4:7c:8d:6d:26:c9,18.29,80.2,415.27,87.36
2025-04-13 12:28:14,c4:7c:8d:6d:26:c9,17.92,79.22,440.83,85.67
2025-04-13 12:18:14,c4:7c:8d:6d:26:c9,18.37,79.3,435.13,86.03
2025-04-13 12:08:14,c4:7c:8d:6d:26:c9,18.15,79.73,445.65,83.96
2025-04-13 11:58:14,c4:7c:8d:6d:26:c9,18.21,80.38,440.0,84.58
2025-04-13 11:48:14,c4:7c:8d:6d:26:c9,18.33,79.06,436.85,85.2
2025-04-13 11:38:14,c4:7c:8d:6d:26:c9,18.31,78.84,481.82,86.56
2025-04-13 11:28:14,c4:7c:8d:6d:26:c9,18.69,79.27,483.77,86.97
2025-04-13 11:18:14,c4:7c:8d:6d:26:c9,17.96,78.79,504.15,86.26
2025-04-13 11:08:14,c4:7c:8d:6d:26:c9,18.46,79.92,472.97,84.6
2025-04-13 10:58:14,c4:7c:8d:6d:26:c9,18.43,78.74,482.22,85.14
2025-04-13 10:48:14,c4:7c:8d:6d:26:c9,18.26,79.92,497.82,88.95
2025-04-13 10:38:14,c4:7c:8d:6d:26:c9,18.47,79.34,499.75,86.32
2025-04-13 10:28:14,c4:7c:8d:6d:26:c9,18.63,79.31,522.72,88.18
2025-04-13 10:18:14,c4:7c:8d:6d:26:c9,18.13,79.8,528.52,86.59
2025-04-13 10:08:14,c4:7c:8d:6d:26:c9,18.94,78.97,524.0,85.38
2025-04-13 09:58:14,c4:7c:8d:6d:26:c9,18.86,78.93,505.59,88.88
2025-04-13 09:48:14,c4:7c:8d:6d:26:c9,18.19,78.3,516.85,89.46
2025-04-13 09:38:14,c4:7c:8d:6d:26:c9,18.61,77.95,521.17,86.65
2025-04-13 09:28:14,c4:7c:8d:6d:26:c9,18.75,78.22,520.93,88.88
2025-04-13 09:18:14,c4:7c:8d:6d:26:c9,18.49,78.86,522.9,90.11
2025-04-13 09:08:14,c4:7c:8d:6d:26:c9,18.46,77.62,502.71,89.08
2025-04-13 08:58:14,c4:7c:8d:6d:26:c9,18.42,78.31,512.89,89.09
2025-04-13 08:48:14,c4:7c:8d:6d:26:c9,18.9,77.69,498.16,88.7
2025-04-13 08:38:14,c4:7c:8d:6d:26:c9,18.78,78.83,500.49,89.66
2025-04-13 08:28:14,c4:7c:8d:6d:26:c9,18.81,78.03,481.82,86.83
2025-04-13 08:18:14,c4:7c:8d:6d:26:c9,18.35,77.55,471.96,90.11
2025-04-13 08:08:14,c4:7c:8d:6d:26:c9,18.57,76.69,457.85,87.81
2025-04-13 07:58:14,c4:7c:8d:6d:26:c9,18.71,78.1,470.89,89.61
2025-04-13 07:48:14,c4:7c:8d:6d:26:c9,18.48,77.71,439.02,88.78
2025-04-13 07:38:14,c4:7c:8d:6d:26:c9,18.9,77.89,462.83,89.03
2025-04-13 07:28:14,c4:7c:8d:6d:26:c9,18.72,77.32,443.79,90.3
2025-04-13 07:18:14,c4:7c:8d:6d:26:c9,19.21,76.61,448.89,89.1
2025-04-13 07:08:14,c4:7c:8d:6d:26:c9,18.42,76.99,401.63,90.19
2025-04-13 06:58:14,c4:7c:8d:6d:26:c9,18.45,77.26,418.15,89.68
2025-04-13 06:48:14,c4:7c:8d:6d:26:c9,18.67,77.62,388.61,87.99
2025-04-13 06:38:14,c4:7c:8d:6d:26:c9,18.48,77.73,379.54,87.58
2025-04-13 06:28:14,c4:7c:8d:6d:26:c9,19.01,77.0,388.76,89.6
2025-04-13 06:18:14,c4:7c:8d:6d:26:c9,18.63,76.84,364.07,88.85
2025-04-13 06:08:14,c4:7c:8d:6d:26:c9,18.96,77.56,346.32,89.79
2025-04-13 05:58:14,c4:7c:8d:6d:26:c9,18.36,76.99,344.02,89.83
2025-04-13 05:48:14,c4:7c:8d:6d:26:c9,18.49,77.59,358.36,90.94
2025-04-13 05:38:14,c4:7c:8d:6d:26:c9,19.17,77.32,337.12,87.53
2025-04-13 05:28:14,c4:7c:8d:6d:26:c9,19.06,76.72,332.04,89.31
2025-04-13 05:18:14,c4:7c:8d:6d:26:c9,19.05,77.8,330.51,88.61
2025-04-13 05:08:14,c4:7c:8d:6d:26:c9,18.55,77.11,317.56,90.7
2025-04-13 04:58:14,c4:7c:8d:6d:26:c9,18.85,75.94,297.41,87.39
2025-04-13 04:48:14,c4:7c:8d:6d:26:c9,18.54,77.45,307.06,87.78
2025-04-13 04:38:14,c4:7c:8d:6d:26:c9,18.48,76.86,310.06,87.91
2025-04-13 04:28:14,c4:7c:8d:6d:26:c9,19.06,77.45,295.04,87.21
2025-04-13 04:18:14,c4:7c:8d:6d:26:c9,18.63,77.56,283.75,89.85
2025-04-13 04:08:14,c4:7c:8d:6d:26:c9,18.93,75.47,274.17,89.69
2025-04-13 03:58:14,c4:7c:8d:6d:26:c9,18.25,77.14,275.96,86.19
2025-04-13 03:48:14,c4:7c:8d:6d:26:c9,18.24,76.72,297.09,86.68
2025-04-13 03:38:14,c4:7c:8d:6d:26:c9,18.85,76.73,274.76,85.63
2025-04-13 03:28:14,c4:7c:8d:6d:26:c9,18.13,77.13,273.33,88.98
2025-04-13 03:18:14,c4:7c:8d:6d:26:c9,18.6,75.82,294.16,88.9
2025-04-13 03:08:14,c4:7c:8d:6d:26:c9,18.02,75.66,290.67,87.07
2025-04-13 02:58:14,c4:7c:8d:6d:26:c9,18.84,76.41,272.73,88.44
2025-04-13 02:48:14,c4:7c:8d:6d:26:c9,18.35,77.12,308.59,87.52
2025-04-13 02:38:14,c4:7c:8d:6d:26:c9,17.92,76.5,285.29,86.17
2025-04-13 02:28:14,c4:7c:8d:6d:26:c9,18.3,76.71,310.08,85.2
2025-04-13 02:18:14,c4:7c:8d:6d:26:c9,18.51,75.66,295.42,86.23
2025-04-13 02:08:14,c4:7c:8d:6d:26:c9,17.9,76.38,334.65,84.95
2025-04-13 01:58:14,c4:7c:8d:6d:26:c9,17.87,76.15,313.35,84.92
2025-04-13 01:48:14,c4:7c:8d:6d:26:c9,17.86,76.38,336.48,87.09
2025-04-13 01:38:14,c4:7c:8d:6d:26:c9,18.11,76.04,340.85,84.64
2025-04-13 01:28:14,c4:7c:8d:6d:26:c9,17.92,75.31,356.36,84.02
2025-04-13 01:18:14,c4:7c:8d:6d:26:c9,17.77,76.14,369.92,84.47
2025-04-13 01:08:14,c4:7c:8d:6d:26:c9,18.2,75.35,368.35,84.25
2025-04-13 00:58:14,c4:7c:8d:6d:26:c9,17.75,75.27,402.77,84.59
2025-04-13 00:48:14,c4:7c:8d:6d:26:c9,17.78,75.73,381.79,86.87
2025-04-13 00:38:14,c4:7c:8d:6d:26:c9,18.28,76.7,402.35,83.02
2025-04-13 00:28:14,c4:7c:8d:6d:26:c9,17.91,76.05,420.61,85.84
2025-04-13 00:18:14,c4:7c:8d:6d:26:c9,17.83,76.1,411.92,86.66
2025-04-13 00:08:14,c4:7c:8d:6d:26:c9,18.17,77.01,444.89,84.96
2025-04-12 23:58:14,c4:7c:8d:6d:26:c9,17.89,76.43,437.89,83.94
2025-04-12 23:48:14,c4:7c:8d:6d:26:c9,17.55,75.53,466.6,81.89
2025-04-12 23:38:14,c4:7c:8d:6d:26:c9,17.98,76.02,446.06,85.51
2025-04-12 23:28:14,c4:7c:8d:6d:26:c9,17.48,76.64,463.72,85.56
2025-04-12 23:18:14,c4:7c:8d:6d:26:c9,17.45,75.9,476.27,84.66
2025-04-12 23:08:14,c4:7c:8d:6d:26:c9,17.88,75.53,503.63,82.26
2025-04-12 22:58:14,c4:7c:8d:6d:26:c9,18.07,75.24,506.88,85.09
2025-04-12 22:48:14,c4:7c:8d:6d:26:c9,17.62,75.23,521.84,82.51
2025-04-12 22:38:14,c4:7c:8d:6d:26:c9,17.37,76.4,497.29,82.35
2025-04-12 22:28:14,c4:7c:8d:6d:26:c9,17.47,76.06,525.5,84.48
2025-04-12 22:18:14,c4:7c:8d:6d:26:c9,17.13,77.4,533.07,83.15
2025-04-12 22:08:14,c4:7c:8d:6d:26:c9,17.53,75.6,499.38,83.2
2025-04-12 21:58:14,c4:7c:8d:6d:26:c9,17.45,77.19,507.47,82.35
2025-04-12 21:48:14,c4:7c:8d:6d:26:c9,17.22,75.38,533.21,80.08
2025-04-12 21:38:14,c4:7c:8d:6d:26:c9,17.0,76.56,533.08,81.9
2025-04-12 21:28:14,c4:7c:8d:6d:26:c9,17.64,77.24,529.25,80.84
2025-04-12 21:18:14,c4:7c:8d:6d:26:c9,17.42,76.7,528.58,81.45
2025-04-12 21:08:14,c4:7c:8d:6d:26:c9,17.44,76.89,496.82,81.04
2025-04-12 20:58:14,c4:7c:8d:6d:26:c9,17.6,77.42,501.86,81.13
2025-04-12 20:48:14,c4:7c:8d:6d:26:c9,17.46,77.31,511.49,83.05
2025-04-12 20:38:14,c4:7c:8d:6d:26:c9,17.06,77.72,489.65,82.05
2025-04-12 20:28:14,c4:7c:8d:6d:26:c9,16.86,75.87,474.98,82.16
2025-04-12 20:18:14,c4:7c:8d:6d:26:c9,17.39,76.09,491.35,81.2
2025-04-12 20:08:14,c4:7c:8d:6d:26:c9,17.47,77.38,466.97,79.29
2025-04-12 19:58:14,c4:7c:8d:6d:26:c9,16.84,77.38,446.93,80.6
2025-04-12 19:48:14,c4:7c:8d:6d:26:c9,16.98,77.12,466.77,83.2
2025-04-12 19:38:14,c4:7c:8d:6d:26:c9,16.83,76.15,431.4,82.16
2025-04-12 19:28:14,c4:7c:8d:6d:26:c9,17.43,76.7,462.0,79.24
2025-04-12 19:18:14,c4:7c:8d:6d:26:c9,17.66,77.12,419.47,81.06
2025-04-12 19:08:14,c4:7c:8d:6d:26:c9,16.78,76.99,418.46,83.11
2025-04-12 18:58:14,c4:7c:8d:6d:26:c9,17.11,76.49,406.51,80.09
2025-04-12 18:48:14,c4:7c:8d:6d:26:c9,17.06,77.32,380.74,83.29
2025-04-12 18:38:14,c4:7c:8d:6d:26:c9,17.2,76.44,398.08,82.77
2025-04-12 18:28:14,c4:7c:8d:6d:26:c9,17.57,77.49,369.88,83.34
2025-04-12 18:18:14,c4:7c:8d:6d:26:c9,17.31,78.0,389.1,80.25
2025-04-12 18:08:14,c4:7c:8d:6d:26:c9,16.93,76.74,380.79,80.95
2025-04-12 17:58:14,c4:7c:8d:6d:26:c9,16.91,77.23,335.17,81.61
2025-04-12 17:48:14,c4:7c:8d:6d:26:c9,17.44,77.75,347.12,81.09
2025-04-12 17:38:14,c4:7c:8d:6d:26:c9,17.53,77.07,325.98,82.95
2025-04-12 17:28:14,c4:7c:8d:6d:26:c9,17.33,78.75,307.04,83.15
2025-04-12 17:18:14,c4:7c:8d:6d:26:c9,17.11,76.77,310.64,80.05
2025-04-12 17:08:14,c4:7c:8d:6d:26:c9,17.72,77.31,316.92,83.22
2025-04-12 16:58:14,c4:7c:8d:6d:26:c9,17.64,78.48,325.77,81.67
2025-04-12 16:48:14,c4:7c:8d:6d:26:c9,17.39,77.98,291.17,81.15
2025-04-12 16:38:14,c4:7c:8d:6d:26:c9,17.23,77.7,312.88,82.41
2025-04-12 16:28:14,c4:7c:8d:6d:26:c9,17.43,78.48,297.86,83.05
2025-04-12 16:18:14,c4:7c:8d:6d:26:c9,17.79,77.67,275.63,80.48
2025-04-12 16:08:14,c4:7c:8d:6d:26:c9,17.8,78.29,277.43,83.34
2025-04-12 15:58:14,c4:7c:8d:6d:26:c9,17.37,78.76,273.28,80.44
2025-04-12 15:48:14,c4:7c:8d:6d:26:c9,17.34,78.78,288.78,81.75
2025-04-12 15:38:14,c4:7c:8d:6d:26:c9,17.05,78.09,282.9,82.57
2025-04-12 15:28:14,c4:7c:8d:6d:26:c9,17.8,78.12,285.73,81.2
2025-04-12 15:18:14,c4:7c:8d:6d:26:c9,17.17,79.75,295.29,83.6
2025-04-12 15:08:14,c4:7c:8d:6d:26:c9,17.54,78.6,287.57,84.92
2025-04-12 14:58:14,c4:7c:8d:6d:26:c9,17.82,79.81,299.53,83.18
2025-04-12 14:48:14,c4:7c:8d:6d:26:c9,18.03,80.0,286.98,81.74
2025-04-12 14:38:14,c4:7c:8d:6d:26:c9,17.43,79.51,297.65,84.86
2025-04-12 14:28:14,c4:7c:8d:6d:26:c9,17.61,78.56,298.72,81.41
2025-04-12 14:18:14,c4:7c:8d:6d:26:c9,17.32,78.89,326.05,81.61
2025-04-12 14:08:14,c4:7c:8d:6d:26:c9,17.37,80.09,329.51,82.63
2025-04-12 13:58:14,c4:7c:8d:6d:26:c9,17.8,79.97,346.93,83.93
2025-04-12 13:48:14,c4:7c:8d:6d:26:c9,17.94,78.81,320.03,85.76
2025-04-12 13:38:14,c4:7c:8d:6d:26:c9,17.85,79.84,363.9,84.08
2025-04-12 13:28:14,c4:7c:8d:6d:26:c9,17.57,79.02,352.3,86.33
2025-04-12 13:18:14,c4:7c:8d:6d:26:c9,17.82,80.63,376.17,86.18
2025-04-12 13:08:14,c4:7c:8d:6d:26:c9,18.17,80.55,376.09,85.38
2025-04-12 12:58:14,c4:7c:8d:6d:26:c9,18.08,80.98,381.85,86.7
2025-04-12 12:48:14,c4:7c:8d:6d:26:c9,18.02,79.69,409.58,84.2
2025-04-12 12:38:14,c4:7c:8d:6d:26:c9,17.98,79.97,402.13,86.92
2025-04-12 12:28:14,c4:7c:8d:6d:26:c9,17.85,79.34,418.82,86.24
2025-04-12 12:18:14,c4:7c:8d:6d:26:c9,17.89,80.2,433.0,84.11
2025-04-12 12:08:14,c4:7c:8d:6d:26:c9,17.87,80.81,434.13,85.01
2025-04-12 11:58:14,c4:7c:8d:6d:26:c9,17.86,81.01,447.76,86.26
2025-04-12 11:48:14,c4:7c:8d:6d:26:c9,18.34,80.97,439.54,85.82
2025-04-12 11:38:14,c4:7c:8d:6d:26:c9,18.29,80.34,468.77,86.78
2025-04-12 11:28:14,c4:7c:8d:6d:26:c9,18.11,79.77,482.15,87.68
2025-04-12 11:18:14,c4:7c:8d:6d:26:c9,18.13,81.34,502.24,85.92
2025-04-12 11:08:14,c4:7c:8d:6d:26:c9,17.98,81.49,504.71,85.37
2025-04-12 10:58:14,c4:7c:8d:6d:26:c9,18.02,80.5,484.04,87.81
2025-04-12 10:48:14,c4:7c:8d:6d:26:c9,18.49,79.97,518.81,87.45
2025-04-12 10:38:14,c4:7c:8d:6d:26:c9,18.27,81.23,494.2,89.13
2025-04-12 10:28:14,c4:7c:8d:6d:26:c9,18.76,80.96,528.34,89.28
2025-04-12 10:18:14,c4:7c:8d:6d:26:c9,18.91,81.62,513.51,89.56
2025-04-12 10:08:14,c4:7c:8d:6d:26:c9,18.18,81.73,534.15,89.32
2025-04-12 09:58:14,c4:7c:8d:6d:26:c9,18.17,80.53,522.24,86.93
2025-04-12 09:48:14,c4:7c:8d:6d:26:c9,18.96,81.36,535.55,88.69
2025-04-12 09:38:14,c4:7c:8d:6d:26:c9,18.96,81.22,500.49,88.01
2025-04-12 09:28:14,c4:7c:8d:6d:26:c9,18.81,82.55,528.5,87.01
2025-04-12 09:18:14,c4:7c:8d:6d:26:c9,18.91,81.8,512.89,89.24
2025-04-12 09:08:14,c4:7c:8d:6d:26:c9,18.85,82.27,531.05,88.93
2025-04-12 08:58:14,c4:7c:8d:6d:26:c9,18.34,80.92,484.15,86.17
2025-04-12 08:48:14,c4:7c:8d:6d:26:c9,18.68,82.53,479.68,87.22
2025-04-12 08:38:14,c4:7c:8d:6d:26:c9,18.81,81.09,493.81,87.26
2025-04-12 08:28:14,c4:7c:8d:6d:26:c9,18.71,80.98,498.37,87.92
2025-04-12 08:18:14,c4:7c:8d:6d:26:c9,18.79,82.94,479.16,88.97
2025-04-12 08:08:14,c4:7c:8d:6d:26:c9,18.51,83.1,481.66,89.66
2025-04-12 07:58:14,c4:7c:8d:6d:26:c9,18.52,81.32,468.47,90.12
2025-04-12 07:48:14,c4:7c:8d:6d:26:c9,18.35,83.22,476.71,88.3
2025-04-12 07:38:14,c4:7c:8d:6d:26:c9,19.05,82.14,461.3,88.44
2025-04-12 07:28:14,c4:7c:8d:6d:26:c9,18.55,82.5,432.75,89.91
2025-04-12 07:18:14,c4:7c:8d:6d:26:c9,18.67,82.03,439.89,88.61
2025-04-12 07:08:14,c4:7c:8d:6d:26:c9,18.86,82.19,418.72,90.14
2025-04-12 06:58:14,c4:7c:8d:6d:26:c9,18.64,83.6,422.86,88.5
2025-04-12 06:48:14,c4:7c:8d:6d:26:c9,18.4,83.22,402.15,87.56
2025-04-12 06:38:14,c4:7c:8d:6d:26:c9,18.71,82.12,390.86,90.87
2025-04-12 06:28:14,c4:7c:8d:6d:26:c9,18.96,83.64,357.98,86.72
2025-04-12 06:18:14,c4:7c:8d:6d:26:c9,18.86,82.34,386.88,87.42
2025-04-12 06:08:14,c4:7c:8d:6d:26:c9,18.8,83.21,350.28,88.49
2025-04-12 05:58:14,c4:7c:8d:6d:26:c9,18.77,83.69,358.28,90.94
2025-04-12 05:48:14,c4:7c:8d:6d:26:c9,18.52,82.92,323.2,87.18
2025-04-12 05:38:14,c4:7c:8d:6d:26:c9,18.46,83.62,326.62,90.41
2025-04-12 05:28:14,c4:7c:8d:6d:26:c9,19.04,82.38,341.7,87.71
2025-04-12 05:18:14,c4:7c:8d:6d:26:c9,18.98,83.77,302.62,87.76
2025-04-12 05:08:14,c4:7c:8d:6d:26:c9,19.11,84.15,320.44,88.6
2025-04-12 04:58:14,c4:7c:8d:6d:26:c9,18.91,83.89,309.74,86.98
2025-04-12 04:48:14,c4:7c:8d:6d:26:c9,18.99,84.09,302.15,89.39
2025-04-12 04:38:14,c4:7c:8d:6d:26:c9,18.72,82.41,298.66,88.75
2025-04-12 04:28:14,c4:7c:8d:6d:26:c9,18.39,83.2,272.72,86.72
2025-04-12 04:18:14,c4:7c:8d:6d:26:c9,18.31,82.56,287.79,89.63
2025-04-12 04:08:14,c4:7c:8d:6d:26:c9,18.69,82.48,264.23,86.84
2025-04-12 03:58:14,c4:7c:8d:6d:26:c9,18.42,83.62,285.88,87.8
2025-04-12 03:48:14,c4:7c:8d:6d:26:c9,18.78,82.65,279.58,87.65
2025-04-12 03:38:14,c4:7c:8d:6d:26:c9,18.79,83.98,271.14,85.47
2025-04-12 03:28:14,c4:7c:8d:6d:26:c9,18.27,83.67,297.91,86.78
2025-04-12 03:18:14,c4:7c:8d:6d:26:c9,18.18,83.02,296.33,87.16
2025-04-12 03:08:14,c4:7c:8d:6d:26:c9,18.46,84.09,280.55,87.41
2025-04-12 02:58:14,c4:7c:8d:6d:26:c9,18.32,83.25,306.28,84.87
2025-04-12 02:48:14,c4:7c:8d:6d:26:c9,18.2,84.79,310.52,84.99
2025-04-12 02:38:14,c4:7c:8d:6d:26:c9,18.26,84.62,326.11,85.56
2025-04-12 02:28:14,c4:7c:8d:6d:26:c9,18.45,84.54,318.69,86.63
2025-04-12 02:18:14,c4:7c:8d:6d:26:c9,17.95,82.77,307.25,88.57
2025-04-12 02:08:14,c4:7c:8d:6d:26:c9,18.13,84.6,344.1,86.34
2025-04-12 01:58:14,c4:7c:8d:6d:26:c9,18.07,83.43,319.69,88.28
2025-04-12 01:48:14,c4:7c:8d:6d:26:c9,18.48,83.4,324.02,84.09
2025-04-12 01:38:14,c4:7c:8d:6d:26:c9,17.78,84.81,361.28,87.09
2025-04-12 01:28:14,c4:7c:8d:6d:26:c9,18.49,84.24,351.24,83.95
2025-04-12 01:18:14,c4:7c:8d:6d:26:c9,18.48,83.34,366.03,87.58
2025-04-12 01:08:14,c4:7c:8d:6d:26:c9,18.38,84.79,363.86,83.89
2025-04-12 00:58:14,c4:7c:8d:6d:26:c9,17.76,84.35,384.16,85.89
2025-04-12 00:48:14,c4:7c:8d:6d:26:c9,18.33,84.72,392.68,86.18
2025-04-12 00:38:14,c4:7c:8d:6d:26:c9,17.66,85.0,425.1,85.13
2025-04-12 00:28:14,c4:7c:8d:6d:26:c9,18.13,84.65,408.31,83.86
2025-04-12 00:18:14,c4:7c:8d:6d:26:c9,17.72,83.11,428.43,83.91
2025-04-12 00:08:14,c4:7c:8d:6d:26:c9,18.2,84.2,457.11,82.98
2025-04-11 23:58:14,c4:7c:8d:6d:26:c9,17.48,84.6,458.11,84.38
2025-04-11 23:48:14,c4:7c:8d:6d:26:c9,18.11,83.66,473.96,82.86
2025-04-11 23:38:14,c4:7c:8d:6d:26:c9,17.52,83.86,464.37,83.12
2025-04-11 23:28:14,c4:7c:8d:6d:26:c9,18.09,83.93,484.76,82.36
2025-04-11 23:18:14,c4:7c:8d:6d:26:c9,17.58,84.61,496.96,81.71
2025-04-11 23:08:14,c4:7c:8d:6d:26:c9,18.06,82.8,477.87,85.14
2025-04-11 22:58:14,c4:7c:8d:6d:26:c9,17.46,83.39,488.66,84.38
2025-04-11 22:48:14,c4:7c:8d:6d:26:c9,17.32,84.14,487.57,81.57
2025-04-11 22:38:14,c4:7c:8d:6d:26:c9,17.67,84.08,512.96,81.53
2025-04-11 22:28:14,c4:7c:8d:6d:26:c9,17.63,83.37,527.04,82.77
2025-04-11 22:18:14,c4:7c:8d:6d:26:c9,17.29,84.07,495.63,84.56
2025-04-11 22:08:14,c4:7c:8d:6d:26:c9,17.86,84.65,520.79,82.05
2025-04-11 21:58:14,c4:7c:8d:6d:26:c9,17.32,83.33,507.89,82.53
2025-04-11 21:48:14,c4:7c:8d:6d:26:c9,17.02,84.64,529.76,82.39
2025-04-11 21:38:14,c4:7c:8d:6d:26:c9,17.47,83.88,517.02,80.2
2025-04-11 21:28:14,c4:7c:8d:6d:26:c9,17.09,84.44,529.29,82.36
2025-04-11 21:18:14,c4:7c:8d:6d:26:c9,17.11,83.26,498.42,81.55
2025-04-11 21:08:14,c4:7c:8d:6d:26:c9,17.8,83.95,519.66,84.01
2025-04-11 20:58:14,c4:7c:8d:6d:26:c9,17.17,84.06,487.02,80.01
2025-04-11 20:48:14,c4:7c:8d:6d:26:c9,17.1,82.41,523.12,83.39
2025-04-11 20:38:14,c4:7c:8d:6d:26:c9,17.0,83.8,482.67,82.18
2025-04-11 20:28:14,c4:7c:8d:6d:26:c9,16.88,83.35,483.84,79.96
2025-04-11 20:18:14,c4:7c:8d:6d:26:c9,17.66,82.7,481.59,81.67
2025-04-11 20:08:14,c4:7c:8d:6d:26:c9,17.21,84.18,495.56,80.94
2025-04-11 19:58:14,c4:7c:8d:6d:26:c9,17.46,83.08,475.58,82.24
2025-04-11 19:48:14,c4:7c:8d:6d:26:c9,17.24,83.5,437.61,80.83
2025-04-11 19:38:14,c4:7c:8d:6d:26:c9,16.95,82.51,450.58,83.3
2025-04-11 19:28:14,c4:7c:8d:6d:26:c9,17.5,83.97,426.11,79.2
2025-04-11 19:18:14,c4:7c:8d:6d:26:c9,17.52,83.74,438.0,82.55
2025-04-11 19:08:14,c4:7c:8d:6d:26:c9,17.3,82.66,411.6,80.22
2025-04-11 18:58:14,c4:7c:8d:6d:26:c9,17.42,82.68,410.02,80.18
2025-04-11 18:48:14,c4:7c:8d:6d:26:c9,17.42,83.22,397.33,80.93
2025-04-11 18:38:14,c4:7c:8d:6d:26:c9,17.05,82.24,389.55,82.48
2025-04-11 18:28:14,c4:7c:8d:6d:26:c9,17.55,83.48,394.81,79.53
2025-04-11 18:18:14,c4:7c:8d:6d:26:c9,17.05,83.64,349.55,82.13
2025-04-11 18:08:14,c4:7c:8d:6d:26:c9,16.82,83.05,380.91,82.96
2025-04-11 17:58:14,c4:7c:8d:6d:26:c9,17.26,83.12,331.74,83.12
2025-04-11 17:48:14,c4:7c:8d:6d:26:c9,16.81,81.54,358.16,80.07
2025-04-11 17:38:14,c4:7c:8d:6d:26:c9,17.34,81.51,313.93,79.35
2025-04-11 17:28:14,c4:7c:8d:6d:26:c9,17.7,81.85,346.88,82.07
2025-04-11 17:18:14,c4:7c:8d:6d:26:c9,17.32,83.23,300.04,81.81
2025-04-11 17:08:14,c4:7c:8d:6d:26:c9,17.06,81.89,290.15,80.5
2025-04-11 16:58:14,c4:7c:8d:6d:26:c9,17.31,82.2,294.01,79.62
2025-04-11 16:48:14,c4:7c:8d:6d:26:c9,16.89,81.43,293.23,82.7
2025-04-11 16:38:14,c4:7c:8d:6d:26:c9,17.18,82.07,300.2,83.64
2025-04-11 16:28:14,c4:7c:8d:6d:26:c9,17.48,81.46,281.23,81.17
2025-04-11 16:18:14,c4:7c:8d:6d:26:c9,17.2,81.89,282.64,80.89
2025-04-11 16:08:14,c4:7c:8d:6d:26:c9,17.42,81.91,288.75,82.18
2025-04-11 15:58:14,c4:7c:8d:6d:26:c9,17.85,82.56,265.32,83.59
2025-04-11 15:48:14,c4:7c:8d:6d:26:c9,17.38,82.13,285.0,82.72
2025-04-11 15:38:14,c4:7c:8d:6d:26:c9,17.2,80.36,265.36,83.13
2025-04-11 15:28:14,c4:7c:8d:6d:26:c9,17.13,81.79,278.02,81.01
2025-04-11 15:18:14,c4:7c:8d:6d:26:c9,17.63,80.31,270.98,84.35
2025-04-11 15:08:14,c4:7c:8d:6d:26:c9,17.21,80.18,293.93,81.72
2025-04-11 14:58:14,c4:7c:8d:6d:26:c9,17.62,80.85,314.57,85.06
2025-04-11 14:48:14,c4:7c:8d:6d:26:c9,17.39,80.18,310.92,81.54
2025-04-11 14:38:14,c4:7c:8d:6d:26:c9,17.84,81.91,296.97,81.22
2025-04-11 14:28:14,c4:7c:8d:6d:26:c9,18.06,81.71,299.94,82.91
2025-04-11 14:18:14,c4:7c:8d:6d:26:c9,17.43,81.5,305.52,82.34
2025-04-11 14:08:14,c4:7c:8d:6d:26:c9,17.31,80.65,309.39,83.1
2025-04-11 13:58:14,c4:7c:8d:6d:26:c9,18.16,80.86,325.77,81.77
2025-04-11 13:48:14,c4:7c:8d:6d:26:c9,17.92,81.07,360.95,84.6
2025-04-11 13:38:14,c4:7c:8d:6d:26:c9,18.23,81.24,343.89,86.26
2025-04-11 13:28:14,c4:7c:8d:6d:26:c9,17.46,79.51,367.5,83.87
2025-04-11 13:18:14,c4:7c:8d:6d:26:c9,18.14,79.64,357.53,82.45
2025-04-11 13:08:14,c4:7c:8d:6d:26:c9,17.72,79.7,381.08,84.48
2025-04-11 12:58:14,c4:7c:8d:6d:26:c9,17.89,79.31,391.29,86.88
2025-04-11 12:48:14,c4:7c:8d:6d:26:c9,18.34,79.11,414.21,83.52
2025-04-11 12:38:14,c4:7c:8d:6d:26:c9,18.21,78.83,394.78,87.08
2025-04-11 12:28:14,c4:7c:8d:6d:26:c9,17.99,79.2,422.12,85.97
2025-04-11 12:18:14,c4:7c:8d:6d:26:c9,17.91,80.81,411.68,84.32
2025-04-11 12:08:14,c4:7c:8d:6d:26:c9,18.32,80.12,432.04,85.65
2025-04-11 11:58:14,c4:7c:8d:6d:26:c9,18.28,80.51,459.74,85.85
2025-04-11 11:48:14,c4:7c:8d:6d:26:c9,18.04,80.46,459.19,86.18
2025-04-11 11:38:14,c4:7c:8d:6d:26:c9,18.33,78.34,465.66,86.94
2025-04-11 11:28:14,c4:7c:8d:6d:26:c9,18.34,78.54,477.31,84.24
2025-04-11 11:18:14,c4:7c:8d:6d:26:c9,18.64,79.29,482.25,85.35
2025-04-11 11:08:14,c4:7c:8d:6d:26:c9,18.33,79.07,467.35,84.94
2025-04-11 10:58:14,c4:7c:8d:6d:26:c9,18.18,79.57,482.29,85.81
2025-04-11 10:48:14,c4:7c:8d:6d:26:c9,18.02,77.92,489.76,87.15
2025-04-11 10:38:14,c4:7c:8d:6d:26:c9,18.64,79.84,492.46,87.58
2025-04-11 10:28:14,c4:7c:8d:6d:26:c9,18.21,77.99,494.97,87.32
2025-04-11 10:18:14,c4:7c:8d:6d:26:c9,18.48,77.82,492.36,86.39
2025-04-11 10:08:14,c4:7c:8d:6d:26:c9,18.84,78.81,526.08,89.36
2025-04-11 09:58:14,c4:7c:8d:6d:26:c9,18.67,77.63,525.03,86.59
2025-04-11 09:48:14,c4:7c:8d:6d:26:c9,18.16,79.33,520.62,86.22
2025-04-11 09:38:14,c4:7c:8d:6d:26:c9,18.7,78.68,524.81,88.03
2025-04-11 09:28:14,c4:7c:8d:6d:26:c9,18.66,77.43,530.3,87.57
2025-04-11 09:18:14,c4:7c:8d:6d:26:c9,18.3,77.49,499.41,87.48
2025-04-11 09:08:14,c4:7c:8d:6d:26:c9,18.24,77.51,525.4,89.89
2025-04-11 08:58:14,c4:7c:8d:6d:26:c9,18.32,77.98,517.57,90.07
2025-04-11 08:48:14,c4:7c:8d:6d:26:c9,18.75,77.34,518.58,86.66
2025-04-11 08:38:14,c4:7c:8d:6d:26:c9,19.13,76.87,486.93,90.24
2025-04-11 08:28:14,c4:7c:8d:6d:26:c9,18.31,78.63,511.38,87.47
2025-04-11 08:18:14,c4:7c:8d:6d:26:c9,19.05,78.22,463.09,87.39
2025-04-11 08:08:14,c4:7c:8d:6d:26:c9,18.43,77.19,488.08,87.04
2025-04-11 07:58:14,c4:7c:8d:6d:26:c9,18.94,77.24,467.25,90.87
2025-04-11 07:48:14,c4:7c:8d:6d:26:c9,18.57,77.16,456.16,88.45
2025-04-11 07:38:14,c4:7c:8d:6d:26:c9,18.5,77.79,461.71,90.85
2025-04-11 07:28:14,c4:7c:8d:6d:26:c9,18.57,76.45,457.55,89.76
2025-04-11 07:18:14,c4:7c:8d:6d:26:c9,18.79,78.11,446.63,88.26
2025-04-11 07:08:14,c4:7c:8d:6d:26:c9,18.74,76.86,404.59,87.21
2025-04-11 06:58:14,c4:7c:8d:6d:26:c9,19.03,76.65,424.45,91.06
2025-04-11 06:48:14,c4:7c:8d:6d:26:c9,18.54,76.37,404.38,88.6
2025-04-11 06:38:14,c4:7c:8d:6d:26:c9,18.75,77.31,398.29,87.02
2025-04-11 06:28:14,c4:7c:8d:6d:26:c9,19.17,77.29,387.37,87.13
2025-04-11 06:18:14,c4:7c:8d:6d:26:c9,19.19,77.34,354.17,88.43
2025-04-11 06:08:14,c4:7c:8d:6d:26:c9,18.38,77.77,367.52,88.39
2025-04-11 05:58:14,c4:7c:8d:6d:26:c9,18.79,76.43,349.7,86.91
2025-04-11 05:48:14,c4:7c:8d:6d:26:c9,18.85,76.52,356.58,90.58
2025-04-11 05:38:14,c4:7c:8d:6d:26:c9,18.51,76.56,321.88,87.85
2025-04-11 05:28:14,c4:7c:8d:6d:26:c9,18.35,77.23,337.37,89.18
2025-04-11 05:18:14,c4:7c:8d:6d:26:c9,18.52,77.07,310.48,86.37
2025-04-11 05:08:14,c4:7c:8d:6d:26:c9,18.7,75.68,313.09,88.11
2025-04-11 04:58:14,c4:7c:8d:6d:26:c9,19.08,77.14,284.96,90.05
2025-04-11 04:48:14,c4:7c:8d:6d:26:c9,18.25,76.51,282.04,86.54
2025-04-11 04:38:14,c4:7c:8d:6d:26:c9,18.22,77.23,277.16,90.29
2025-04-11 04:28:14,c4:7c:8d:6d:26:c9,18.21,75.74,281.96,87.85
2025-04-11 04:18:14,c4:7c:8d:6d:26:c9,19.03,76.07,267.02,90.0
2025-04-11 04:08:14,c4:7c:8d:6d:26:c9,18.37,77.05,297.25,89.49
2025-04-11 03:58:14,c4:7c:8d:6d:26:c9,18.51,75.74,300.17,86.19
2025-04-11 03:48:14,c4:7c:8d:6d:26:c9,18.24,76.96,280.49,86.01
2025-04-11 03:38:14,c4:7c:8d:6d:26:c9,18.42,77.15,292.26,89.2
2025-04-11 03:28:14,c4:7c:8d:6d:26:c9,18.74,76.62,292.55,87.1
2025-04-11 03:18:14,c4:7c:8d:6d:26:c9,18.28,77.37,308.16,89.07
2025-04-11 03:08:14,c4:7c:8d:6d:26:c9,18.84,76.13,282.7,88.93
2025-04-11 02:58:14,c4:7c:8d:6d:26:c9,18.03,75.36,310.57,89.06
2025-04-11 02:48:14,c4:7c:8d:6d:26:c9,18.64,76.09,280.42,89.03
2025-04-11 02:38:14,c4:7c:8d:6d:26:c9,17.94,76.54,312.03,85.26
2025-04-11 02:28:14,c4:7c:8d:6d:26:c9,18.69,76.94,302.68,88.2
2025-04-11 02:18:14,c4:7c:8d:6d:26:c9,18.44,75.52,318.02,85.14
2025-04-11 02:08:14,c4:7c:8d:6d:26:c9,17.88,76.44,321.68,84.11
2025-04-11 01:58:14,c4:7c:8d:6d:26:c9,17.95,76.06,322.95,86.43
2025-04-11 01:48:14,c4:7c:8d:6d:26:c9,18.11,75.75,345.76,87.26
2025-04-11 01:38:14,c4:7c:8d:6d:26:c9,17.82,76.73,370.66,86.16
2025-04-11 01:28:14,c4:7c:8d:6d:26:c9,18.57,76.76,357.96,84.85
2025-04-11 01:18:14,c4:7c:8d:6d:26:c9,18.01,76.7,354.63,85.81
2025-04-11 01:08:14,c4:7c:8d:6d:26:c9,18.28,76.22,384.44,86.49
2025-04-11 00:58:14,c4:7c:8d:6d:26:c9,17.9,76.66,409.66,85.16
2025-04-11 00:48:14,c4:7c:8d:6d:26:c9,17.64,76.71,399.43,82.89
2025-04-11 00:38:14,c4:7c:8d:6d:26:c9,17.64,76.17,395.65,83.54
2025-04-11 00:28:14,c4:7c:8d:6d:26:c9,18.18,76.89,432.62,82.91
2025-04-11 00:18:14,c4:7c:8d:6d:26:c9,17.84,75.83,435.68,86.44
2025-04-11 00:08:14,c4:7c:8d:6d:26:c9,18.04,77.09,440.73,85.07
2025-04-10 23:58:14,c4:7c:8d:6d:26:c9,17.45,76.46,438.65,85.11
2025-04-10 23:48:14,c4:7c:8d:6d:26:c9,17.4,75.76,438.63,83.68
2025-04-10 23:38:14,c4:7c:8d:6d:26:c9,17.86,76.99,447.16,82.06
2025-04-10 23:28:14,c4:7c:8d:6d:26:c9,18.05,76.68,463.97,83.4
2025-04-10 23:18:14,c4:7c:8d:6d:26:c9,17.45,76.39,499.57,85.17
2025-04-10 23:08:14,c4:7c:8d:6d:26:c9,17.29,75.92,500.01,84.23
2025-04-10 22:58:14,c4:7c:8d:6d:26:c9,17.63,76.05,491.2,82.74
2025-04-10 22:48:14,c4:7c:8d:6d:26:c9,17.97,75.33,521.72,83.14
2025-04-10 22:38:14,c4:7c:8d:6d:26:c9,17.61,76.04,510.85,83.02
2025-04-10 22:28:14,c4:7c:8d:6d:26:c9,17.85,77.09,500.8,83.28
2025-04-10 22:18:14,c4:7c:8d:6d:26:c9,17.38,76.54,521.72,80.68
2025-04-10 22:08:14,c4:7c:8d:6d:26:c9,17.26,76.27,498.37,82.35
2025-04-10 21:58:14,c4:7c:8d:6d:26:c9,17.91,76.13,507.63,84.57
2025-04-10 21:48:14,c4:7c:8d:6d:26:c9,17.47,75.47,516.64,80.33
2025-04-10 21:38:14,c4:7c:8d:6d:26:c9,17.53,75.69,494.12,80.96
2025-04-10 21:28:14,c4:7c:8d:6d:26:c9,17.21,75.86,493.94,83.41
2025-04-10 21:18:14,c4:7c:8d:6d:26:c9,17.28,75.6,514.27,83.11
2025-04-10 21:08:14,c4:7c:8d:6d:26:c9,17.28,77.33,494.41,80.87
2025-04-10 20:58:14,c4:7c:8d:6d:26:c9,17.52,77.26,495.07,82.08
2025-04-10 20:48:14,c4:7c:8d:6d:26:c9,17.02,75.73,521.14,82.93
2025-04-10 20:38:14,c4:7c:8d:6d:26:c9,17.02,76.71,491.31,81.8
2025-04-10 20:28:14,c4:7c:8d:6d:26:c9,17.27,77.74,474.76,82.13
2025-04-10 20:18:14,c4:7c:8d:6d:26:c9,16.86,75.91,477.38,81.03
2025-04-10 20:08:14,c4:7c:8d:6d:26:c9,17.07,75.78,465.88,81.67
2025-04-10 19:58:14,c4:7c:8d:6d:26:c9,16.91,76.49,466.71,80.32
2025-04-10 19:48:14,c4:7c:8d:6d:26:c9,16.91,76.87,438.71,81.06
2025-04-10 19:38:14,c4:7c:8d:6d:26:c9,17.45,77.86,440.23,82.97
2025-04-10 19:28:14,c4:7c:8d:6d:26:c9,17.12,75.91,424.76,81.28
2025-04-10 19:18:14,c4:7c:8d:6d:26:c9,16.94,77.84,449.14,82.25
2025-04-10 19:08:14,c4:7c:8d:6d:26:c9,17.2,76.99,405.52,82.1
2025-04-10 18:58:14,c4:7c:8d:6d:26:c9,17.14,77.63,419.63,80.96
2025-04-10 18:48:14,c4:7c:8d:6d:26:c9,17.28,76.28,410.51,81.86
2025-04-10 18:38:14,c4:7c:8d:6d:26:c9,16.9,78.12,403.87,78.99
2025-04-10 18:28:14,c4:7c:8d:6d:26:c9,17.45,77.44,365.23,83.3
2025-04-10 18:18:14,c4:7c:8d:6d:26:c9,17.51,78.3,348.58,81.49
2025-04-10 18:08:14,c4:7c:8d:6d:26:c9,17.05,77.03,363.73,82.24
2025-04-10 17:58:14,c4:7c:8d:6d:26:c9,16.92,77.52,358.15,80.72
2025-04-10 17:48:14,c4:7c:8d:6d:26:c9,17.66,76.86,351.92,82.24
2025-04-10 17:38:14,c4:7c:8d:6d:26:c9,17.23,78.27,328.41,81.64
2025-04-10 17:28:14,c4:7c:8d:6d:26:c9,17.0,78.87,316.14,82.57
2025-04-10 17:18:14,c4:7c:8d:6d:26:c9,17.37,77.39,301.97,79.75
2025-04-10 17:08:14,c4:7c:8d:6d:26:c9,17.34,78.18,295.91,82.18
2025-04-10 16:58:14,c4:7c:8d:6d:26:c9,17.44,77.34,320.3,83.25
2025-04-10 16:48:14,c4:7c:8d:6d:26:c9,16.9,77.8,298.32,81.2
2025-04-10 16:38:14,c4:7c:8d:6d:26:c9,17.77,77.57,310.79,82.27
2025-04-10 16:28:14,c4:7c:8d:6d:26:c9,17.66,77.54,303.28,82.36
2025-04-10 16:18:14,c4:7c:8d:6d:26:c9,17.55,78.09,299.17,81.36
2025-04-10 16:08:14,c4:7c:8d:6d:26:c9,17.3,78.28,274.98,80.94
2025-04-10 15:58:14,c4:7c:8d:6d:26:c9,17.62,78.4,293.63,80.78
2025-04-10 15:48:14,c4:7c:8d:6d:26:c9,17.56,77.66,282.26,83.39
2025-04-10 15:38:14,c4:7c:8d:6d:26:c9,17.71,79.37,264.12,83.47
2025-04-10 15:28:14,c4:7c:8d:6d:26:c9,17.89,79.76,288.07,81.44
2025-04-10 15:18:14,c4:7c:8d:6d:26:c9,17.14,77.89,299.61,83.27
2025-04-10 15:08:14,c4:7c:8d:6d:26:c9,17.98,78.02,303.59,82.9
2025-04-10 14:58:14,c4:7c:8d:6d:26:c9,18.0,79.22,303.92,82.63
2025-04-10 14:48:14,c4:7c:8d:6d:26:c9,17.37,78.68,282.53,83.83
2025-04-10 14:38:14,c4:7c:8d:6d:26:c9,17.92,79.04,290.59,81.56
2025-04-10 14:28:14,c4:7c:8d:6d:26:c9,17.87,78.47,297.02,83.96
2025-04-10 14:18:14,c4:7c:8d:6d:26:c9,17.29,79.71,321.74,81.43
2025-04-10 14:08:14,c4:7c:8d:6d:26:c9,17.54,79.89,310.77,85.42
2025-04-10 13:58:14,c4:7c:8d:6d:26:c9,17.77,78.89,326.89,82.6
2025-04-10 13:48:14,c4:7c:8d:6d:26:c9,18.04,80.4,355.01,82.46
2025-04-10 13:38:14,c4:7c:8d:6d:26:c9,17.65,80.29,372.07,85.1
2025-04-10 13:28:14,c4:7c:8d:6d:26:c9,17.5,80.62,346.25,82.29
2025-04-10 13:18:14,c4:7c:8d:6d:26:c9,17.46,79.78,348.15,84.26
2025-04-10 13:08:14,c4:7c:8d:6d:26:c9,17.64,80.6,382.01,86.76
2025-04-10 12:58:14,c4:7c:8d:6d:26:c9,17.88,79.3,386.04,85.86
2025-04-10 12:48:14,c4:7c:8d:6d:26:c9,17.99,79.39,416.72,83.76
2025-04-10 12:38:14,c4:7c:8d:6d:26:c9,17.77,79.67,401.75,83.94
2025-04-10 12:28:14,c4:7c:8d:6d:26:c9,18.32,80.9,403.0,84.27
2025-04-10 12:18:14,c4:7c:8d:6d:26:c9,18.43,79.45,426.49,87.0
2025-04-10 12:08:14,c4:7c:8d:6d:26:c9,18.17,80.12,430.18,87.48
2025-04-10 11:58:14,c4:7c:8d:6d:26:c9,18.39,79.9,444.6,84.4
2025-04-10 11:48:14,c4:7c:8d:6d:26:c9,17.78,79.77,445.72,87.69
2025-04-10 11:38:14,c4:7c:8d:6d:26:c9,18.51,81.44,464.83,86.2
2025-04-10 11:28:14,c4:7c:8d:6d:26:c9,18.47,80.44,484.18,85.67
2025-04-10 11:18:14,c4:7c:8d:6d:26:c9,18.5,81.84,468.18,88.61
2025-04-10 11:08:14,c4:7c:8d:6d:26:c9,18.39,81.57,483.67,86.06
2025-04-10 10:58:14,c4:7c:8d:6d:26:c9,17.93,81.51,477.41,85.07
2025-04-10 10:48:14,c4:7c:8d:6d:26:c9,18.8,80.58,500.57,88.28
2025-04-10 10:38:14,c4:7c:8d:6d:26:c9,18.42,81.65,512.15,85.47
2025-04-10 10:28:14,c4:7c:8d:6d:26:c9,18.41,81.12,510.68,85.74
2025-04-10 10:18:14,c4:7c:8d:6d:26:c9,18.36,81.74,519.72,87.66
2025-04-10 10:08:14,c4:7c:8d:6d:26:c9,18.63,81.13,514.29,89.23
2025-04-10 09:58:14,c4:7c:8d:6d:26:c9,18.75,81.73,503.13,85.93
2025-04-10 09:48:14,c4:7c:8d:6d:26:c9,18.18,80.58,505.65,88.09
2025-04-10 09:38:14,c4:7c:8d:6d:26:c9,18.51,81.47,510.52,86.59
2025-04-10 09:28:14,c4:7c:8d:6d:26:c9,18.52,82.73,501.02,89.68
2025-04-10 09:18:14,c4:7c:8d:6d:26:c9,18.34,82.32,498.74,86.18
2025-04-10 09:08:14,c4:7c:8d:6d:26:c9,18.8,80.84,522.45,87.75
2025-04-10 08:58:14,c4:7c:8d:6d:26:c9,18.25,81.47,514.17,89.92
2025-04-10 08:48:14,c4:7c:8d:6d:26:c9,18.39,81.58,499.19,89.77
2025-04-10 08:38:14,c4:7c:8d:6d:26:c9,18.95,82.92,504.76,88.39
2025-04-10 08:28:14,c4:7c:8d:6d:26:c9,18.6,82.59,474.32,89.89
2025-04-10 08:18:14,c4:7c:8d:6d:26:c9,18.84,83.2,461.84,87.08
2025-04-10 08:08:14,c4:7c:8d:6d:26:c9,18.54,82.69,496.84,90.43
2025-04-10 07:58:14,c4:7c:8d:6d:26:c9,18.51,82.36,468.7,90.92
2025-04-10 07:48:14,c4:7c:8d:6d:26:c9,18.99,82.14,460.1,89.15
2025-04-10 07:38:14,c4:7c:8d:6d:26:c9,18.93,82.14,446.57,88.16
2025-04-10 07:28:14,c4:7c:8d:6d:26:c9,19.02,83.13,420.65,90.43
2025-04-10 07:18:14,c4:7c:8d:6d:26:c9,18.33,82.52,413.13,87.44
2025-04-10 07:08:14,c4:7c:8d:6d:26:c9,18.71,81.95,424.51,89.82
2025-04-10 06:58:14,c4:7c:8d:6d:26:c9,18.79,83.47,413.11,89.06
2025-04-10 06:48:14,c4:7c:8d:6d:26:c9,18.43,82.57,406.03,88.97
2025-04-10 06:38:14,c4:7c:8d:6d:26:c9,19.16,83.26,410.53,87.5
2025-04-10 06:28:14,c4:7c:8d:6d:26:c9,18.62,83.96,372.29,87.16
2025-04-10 06:18:14,c4:7c:8d:6d:26:c9,18.66,82.71,372.5,88.41
2025-04-10 06:08:14,c4:7c:8d:6d:26:c9,18.6,82.95,349.4,90.82
2025-04-10 05:58:14,c4:7c:8d:6d:26:c9,18.8,82.67,372.57,87.04
2025-04-10 05:48:14,c4:7c:8d:6d:26:c9,18.49,83.09,351.98,87.36
2025-04-10 05:38:14,c4:7c:8d:6d:26:c9,18.78,83.63,350.43,90.08
2025-04-10 05:28:14,c4:7c:8d:6d:26:c9,18.51,84.1,303.11,87.78
2025-04-10 05:18:14,c4:7c:8d:6d:26:c9,18.47,83.23,311.15,90.51
2025-04-10 05:08:14,c4:7c:8d:6d:26:c9,19.07,82.51,304.05,86.46
2025-04-10 04:58:14,c4:7c:8d:6d:26:c9,18.9,83.31,319.89,87.67
2025-04-10 04:48:14,c4:7c:8d:6d:26:c9,18.73,82.49,278.03,87.07
2025-04-10 04:38:14,c4:7c:8d:6d:26:c9,19.06,83.19,281.36,88.32
2025-04-10 04:28:14,c4:7c:8d:6d:26:c9,18.23,83.72,305.14,86.12
2025-04-10 04:18:14,c4:7c:8d:6d:26:c9,19.02,82.54,271.17,86.56
2025-04-10 04:08:14,c4:7c:8d:6d:26:c9,18.79,84.56,303.41,88.66
2025-04-10 03:58:14,c4:7c:8d:6d:26:c9,18.33,82.98,296.87,88.27
2025-04-10 03:48:14,c4:7c:8d:6d:26:c9,18.78,84.43,268.4,87.98
2025-04-10 03:38:14,c4:7c:8d:6d:26:c9,18.53,84.18,275.94,86.29
2025-04-10 03:28:14,c4:7c:8d:6d:26:c9,18.47,83.39,298.22,85.66
2025-04-10 03:18:14,c4:7c:8d:6d:26:c9,18.19,84.2,288.35,85.49
2025-04-10 03:08:14,c4:7c:8d:6d:26:c9,18.75,84.1,299.72,85.87
2025-04-10 02:58:14,c4:7c:8d:6d:26:c9,18.22,83.13,292.31,89.03
2025-04-10 02:48:14,c4:7c:8d:6d:26:c9,17.95,84.48,286.5,88.97
2025-04-10 02:38:14,c4:7c:8d:6d:26:c9,18.7,83.2,314.73,86.59
2025-04-10 02:28:14,c4:7c:8d:6d:26:c9,17.9,83.94,322.71,86.0
2025-04-10 02:18:14,c4:7c:8d:6d:26:c9,18.65,83.61,320.33,87.57
2025-04-10 02:08:14,c4:7c:8d:6d:26:c9,18.42,83.91,317.19,86.31
2025-04-10 01:58:14,c4:7c:8d:6d:26:c9,17.9,83.83,328.1,86.54
2025-04-10 01:48:14,c4:7c:8d:6d:26:c9,18.15,83.7,343.15,85.04
2025-04-10 01:38:14,c4:7c:8d:6d:26:c9,18.13,83.75,356.68,87.79
2025-04-10 01:28:14,c4:7c:8d:6d:26:c9,17.71,83.17,379.39,84.59
2025-04-10 01:18:14,c4:7c:8d:6d:26:c9,18.3,83.26,380.69,86.1
2025-04-10 01:08:14,c4:7c:8d:6d:26:c9,17.91,84.18,397.02,85.14
2025-04-10 00:58:14,c4:7c:8d:6d:26:c9,18.35,83.79,392.79,85.89
2025-04-10 00:48:14,c4:7c:8d:6d:26:c9,17.71,84.18,382.78,83.96
2025-04-10 00:38:14,c4:7c:8d:6d:26:c9,17.56,84.85,417.81,83.98
2025-04-10 00:28:14,c4:7c:8d:6d:26:c9,17.75,83.63,434.32,86.75
2025-04-10 00:18:14,c4:7c:8d:6d:26:c9,17.66,84.31,451.83,83.81
2025-04-10 00:08:14,c4:7c:8d:6d:26:c9,18.15,84.44,427.45,85.68
2025-04-09 23:58:14,c4:7c:8d:6d:26:c9,17.69,84.48,451.29,82.93
2025-04-09 23:48:14,c4:7c:8d:6d:26:c9,17.92,83.32,444.92,84.26
2025-04-09 23:38:14,c4:7c:8d:6d:26:c9,17.48,84.76,458.15,83.28
2025-04-09 23:28:14,c4:7c:8d:6d:26:c9,17.63,83.03,490.14,84.29
2025-04-09 23:18:14,c4:7c:8d:6d:26:c9,17.76,82.89,476.84,83.75
2025-04-09 23:08:14,c4:7c:8d:6d:26:c9,17.35,83.21,504.17,84.45
2025-04-09 22:58:14,c4:7c:8d:6d:26:c9,17.53,84.11,502.37,82.45
2025-04-09 22:48:14,c4:7c:8d:6d:26:c9,17.76,83.52,522.63,81.47
2025-04-09 22:38:14,c4:7c:8d:6d:26:c9,17.68,83.88,494.06,84.9
2025-04-09 22:28:14,c4:7c:8d:6d:26:c9,17.65,84.4,503.34,84.39
2025-04-09 22:18:14,c4:7c:8d:6d:26:c9,17.22,84.13,511.13,84.68
2025-04-09 22:08:14,c4:7c:8d:6d:26:c9,17.81,82.68,529.63,83.26
2025-04-09 21:58:14,c4:7c:8d:6d:26:c9,17.18,82.79,530.39,83.3
2025-04-09 21:48:14,c4:7c:8d:6d:26:c9,17.88,83.28,500.88,82.17
2025-04-09 21:38:14,c4:7c:8d:6d:26:c9,17.21,82.77,533.84,82.82
2025-04-09 21:28:14,c4:7c:8d:6d:26:c9,17.5,82.85,521.91,81.63
2025-04-09 21:18:14,c4:7c:8d:6d:26:c9,17.63,84.08,500.16,81.44
2025-04-09 21:08:14,c4:7c:8d:6d:26:c9,17.47,83.14,490.6,83.65
2025-04-09 20:58:14,c4:7c:8d:6d:26:c9,17.27,83.23,501.91,79.63
2025-04-09 20:48:14,c4:7c:8d:6d:26:c9,17.65,83.04,495.96,83.23
2025-04-09 20:38:14,c4:7c:8d:6d:26:c9,17.25,83.6,476.86,81.71
2025-04-09 20:28:14,c4:7c:8d:6d:26:c9,16.88,83.96,483.79,83.02
2025-04-09 20:18:14,c4:7c:8d:6d:26:c9,17.64,82.33,490.66,80.23
2025-04-09 20:08:14,c4:7c:8d:6d:26:c9,16.93,84.14,460.43,83.4
2025-04-09 19:58:14,c4:7c:8d:6d:26:c9,16.88,83.31,477.1,81.09
2025-04-09 19:48:14,c4:7c:8d:6d:26:c9,17.46,83.27,479.99,79.96
2025-04-09 19:38:14,c4:7c:8d:6d:26:c9,17.4,83.91,468.14,82.67
2025-04-09 19:28:14,c4:7c:8d:6d:26:c9,17.06,83.26,437.61,83.25
2025-04-09 19:18:14,c4:7c:8d:6d:26:c9,16.95,82.92,431.45,80.61
2025-04-09 19:08:14,c4:7c:8d:6d:26:c9,17.21,83.3,438.5,81.89
2025-04-09 18:58:14,c4:7c:8d:6d:26:c9,16.83,82.73,414.48,81.45
2025-04-09 18:48:14,c4:7c:8d:6d:26:c9,17.48,83.13,412.15,80.21
2025-04-09 18:38:14,c4:7c:8d:6d:26:c9,17.39,82.4,367.95,81.07
2025-04-09 18:28:14,c4:7c:8d:6d:26:c9,17.39,83.27,359.08,81.05
2025-04-09 18:18:14,c4:7c:8d:6d:26:c9,17.16,82.22,355.69,83.08
2025-04-09 18:08:14,c4:7c:8d:6d:26:c9,17.0,83.35,364.09,78.95
2025-04-09 17:58:14,c4:7c:8d:6d:26:c9,17.07,82.92,350.98,82.62
2025-04-09 17:48:14,c4:7c:8d:6d:26:c9,17.16,83.3,328.17,83.12
2025-04-09 17:38:14,c4:7c:8d:6d:26:c9,17.21,82.23,349.77,82.29
2025-04-09 17:28:14,c4:7c:8d:6d:26:c9,16.89,82.25,335.32,80.56
2025-04-09 17:18:14,c4:7c:8d:6d:26:c9,17.61,82.08,296.77,80.08
2025-04-09 17:08:14,c4:7c:8d:6d:26:c9,16.94,81.83,321.74,80.6
2025-04-09 16:58:14,c4:7c:8d:6d:26:c9,17.4,82.49,319.39,79.52
2025-04-09 16:48:14,c4:7c:8d:6d:26:c9,17.39,81.37,312.49,83.55
2025-04-09 16:38:14,c4:7c:8d:6d:26:c9,17.22,81.33,316.49,81.88
2025-04-09 16:28:14,c4:7c:8d:6d:26:c9,17.37,81.32,279.86,82.27
2025-04-09 16:18:14,c4:7c:8d:6d:26:c9,17.65,82.38,281.14,80.69
2025-04-09 16:08:14,c4:7c:8d:6d:26:c9,17.07,81.08,302.23,80.3
2025-04-09 15:58:14,c4:7c:8d:6d:26:c9,17.37,81.07,276.6,83.62
2025-04-09 15:48:14,c4:7c:8d:6d:26:c9,17.1,82.58,300.8,83.93
2025-04-09 15:38:14,c4:7c:8d:6d:26:c9,17.38,81.68,285.79,81.28
2025-04-09 15:28:14,c4:7c:8d:6d:26:c9,17.56,81.42,295.0,83.89
2025-04-09 15:18:14,c4:7c:8d:6d:26:c9,17.5,81.03,296.58,82.15
2025-04-09 15:08:14,c4:7c:8d:6d:26:c9,17.97,80.07,283.78,82.23
2025-04-09 14:58:14,c4:7c:8d:6d:26:c9,17.82,81.11,277.85,84.81
2025-04-09 14:48:14,c4:7c:8d:6d:26:c9,17.93,81.03,303.95,84.43
2025-04-09 14:38:14,c4:7c:8d:6d:26:c9,17.3,81.25,326.61,83.43
2025-04-09 14:28:14,c4:7c:8d:6d:26:c9,17.97,81.77,315.34,82.76
2025-04-09 14:18:14,c4:7c:8d:6d:26:c9,17.93,81.87,339.72,83.51
2025-04-09 14:08:14,c4:7c:8d:6d:26:c9,17.81,79.8,324.73,83.68
2025-04-09 13:58:14,c4:7c:8d:6d:26:c9,17.8,79.65,349.54,82.29
2025-04-09 13:48:14,c4:7c:8d:6d:26:c9,17.8,79.92,327.32,82.87
2025-04-09 13:38:14,c4:7c:8d:6d:26:c9,17.79,81.33,370.09,82.77
2025-04-09 13:28:14,c4:7c:8d:6d:26:c9,17.46,80.38,347.84,83.46
2025-04-09 13:18:14,c4:7c:8d:6d:26:c9,17.62,81.32,356.3,85.31
2025-04-09 13:08:14,c4:7c:8d:6d:26:c9,17.6,80.26,392.51,85.86
2025-04-09 12:58:14,c4:7c:8d:6d:26:c9,17.79,79.38,393.46,82.93
